Workbook

Sheet pending federico
A1: sBranchNm | B1: JO Status | C1: Status | D1: sTransNox | E1: dTransact | F1: sBranchCd | G1: sRequestX | H1: sDiagnose | I1: sJOTypexx | J1: sCategory | K1: cServerPC | L1: sProblemx | M1: sRemarksx | N1: sRqstdIDx | O1: sSupprtBy | P1: dPostedxx | Q1: ACTUAL STATUS | R1: ACTUAL STATUS no formula | S1: STATUS2 | T1: sModified | U1: Encoder | V1: dModified
A2: UEMI San Nicolas - Yamaha | B2: REPAIRED | C2: OPEN | D2: M00120000472 | E2: 44165 | F2: M144 | G2: printer sharing | I2: SUPPORT ASSISTANCE(ACCESS, CALLS..) | J2: PRINTER | K2: 0 | N2: M00119000532 | P2: 44165 | Q2: SUPPORTED WITHIN 2DAYS | R2: SUPPORTED WITHIN 2DAYS | S2: 0 | T2: M001170038 | U2: Macarling, Federico Jr Romano | V2: 44165.42
A3: Guan Kai Office | B3: REPAIRED | C3: OPEN | D3: M00120000471 | E3: 44165 | F3: GK01 | G3: virus infected PC of CSS-Elle Rosal | I3: REPAIR | J3: SYSTEM UNIT | K3: 0 | N3: M00119000532 | P3: 44165 | Q3: SUPPORTED WITHIN 2DAYS | R3: SUPPORTED WITHIN 2DAYS | S3: 0 | T3: M001170038 | U3: Macarling, Federico Jr Romano | V3: 44165.414
A4: Guanzon Central Office | B4: REPAIRED | C4: OPEN | D4: M00120000470 | E4: 44165 | F4: GCO1 | G4: reformat Sir Richard laptop | I4: REPAIR | J4: TECHNICAL SUPPORT | K4: 0 | P4: 44165 | Q4: SUPPORTED WITHIN 2DAYS | R4: SUPPORTED WITHIN 2DAYS | S4: 0 | T4: M001170038 | U4: Macarling, Federico Jr Romano | V4: 44165.412
A5: Mobitek Magic Urdaneta | B5: REPAIRED | C5: OPEN | D5: M00120000469 | E5: 44165 | F5: C006 | G5: PLDT - no dial tone no internet. for temporary issue pocket wifi | I5: SUPPORT ASSISTANCE(ACCESS, CALLS..) | J5: ISP CONCERN | K5: 0 | P5: 44165 | Q5: SUPPORTED WITHIN 2DAYS | R5: SUPPORTED WITHIN 2DAYS | S5: 0 | T5: M001170038 | U5: Macarling, Federico Jr Romano | V5: 44165.405
A6: Guanzon Corporate Center | B6: REPAIRED | C6: OPEN | D6: M00120000468 | E6: 44165 | F6: GCC1 | G6: reset printer of TAX - Epson L120 | I6: REPAIR | J6: PRINTER | K6: 0 | N6: M00111006212 | P6: 44165 | Q6: SUPPORTED WITHIN 2DAYS | R6: SUPPORTED WITHIN 2DAYS | S6: 0 | T6: M001170038 | U6: Macarling, Federico Jr Romano | V6: 44165.375
A7: Mobitek Vigan | B7: REPAIRED | C7: OPEN | D7: M00120000458 | E7: 44163 | F7: C015 | G7: Assist Sir George Esperida about Slow performace of his LAPTOP | I7: SUPPORT ASSISTANCE(ACCESS, CALLS..) | J7: TECHNICAL SUPPORT | K7: 0 | N7: M01606001405 | P7: 44163 | Q7: SUPPORTED WITHIN 2DAYS | R7: SUPPORTED WITHIN 2DAYS | S7: 0 | T7: M001170038 | U7: Macarling, Federico Jr Romano | V7: 44163.486
A8: Guan Kai Office | B8: REPAIRED | C8: OPEN | D8: M00120000422 | E8: 44161 | F8: GK01 | G8: pick up laptop charger of Sir Arnold Guillen - GMA Office | I8: Others | J8: OTHER PERIPHERAL DEVICES | K8: 0 | N8: M00109011793 | P8: 44161 | Q8: SUPPORTED WITHIN 2DAYS | R8: SUPPORTED WITHIN 2DAYS | S8: 0 | T8: M001170038 | U8: Macarling, Federico Jr Romano | V8: 44161.59
A9: Guanzon Corporate Center | B9: REPAIRED | C9: OPEN | D9: M00120000420 | E9: 44161 | F9: GCC1 | G9: records - request scanner only | I9: Others | J9: OTHER PERIPHERAL DEVICES | K9: 0 | N9: M00110012546 | P9: 44161 | Q9: SUPPORTED WITHIN 2DAYS | R9: SUPPORTED WITHIN 2DAYS | S9: 0 | T9: M001170038 | U9: Macarling, Federico Jr Romano | V9: 44161.436
A10: Samsung - SM Telabastagan | B10: REPAIRED | C10: OPEN | D10: M00120000411 | E10: 44159 | F10: C073 | G10: All camera - naglolose pag nagagalaw ng branch., need to relocate position of DVR. FOR VISIT | I10: REPAIR | J10: CCTV | K10: 0 | P10: 44159 | Q10: SUPPORTED WITHIN 2DAYS | R10: SUPPORTED WITHIN 2DAYS | S10: 0 | T10: M001170038 | U10: Macarling, Federico Jr Romano | V10: 44159.693
A11: Guan Kai Office | B11: REPAIRED | C11: OPEN | D11: M00120000410 | E11: 44159 | F11: GK01 | G11: GK Line 2 - no dial tone - follow up thru email | I11: REPAIR | J11: ISP CONCERN | K11: 0 | P11: 44159 | Q11: SUPPORTED WITHIN 2DAYS | R11: SUPPORTED WITHIN 2DAYS | S11: 0 | T11: M001170038 | U11: Macarling, Federico Jr Romano | V11: 44159.692
A12: LGK Pozorrubio - Honda | B12: REPAIRED | C12: OPEN | D12: M00120000404 | E12: 44156 | F12: M038 | G12: Asset transfer - repaired server PC | I12: INSTALLATION & CONFIGURATION | J12: Others | K12: 0 | N12: M00109019180 | P12: 44156 | Q12: SUPPORTED WITHIN 2DAYS | R12: SUPPORTED WITHIN 2DAYS | S12: 0 | T12: M001170038 | U12: Macarling, Federico Jr Romano | V12: 44156.69
A13: Guanzon Corporate Center | B13: REPAIRED | C13: OPEN | D13: M00120000403 | E13: 44156 | F13: GCC1 | G13: release Epson L120 - for Anolid Shipping (Asset transfer) | I13: Others | J13: PRINTER | K13: 0 | N13: M00109019180 | P13: 44156 | Q13: SUPPORTED WITHIN 2DAYS | R13: SUPPORTED WITHIN 2DAYS | S13: 0 | T13: M001170038 | U13: Macarling, Federico Jr Romano | V13: 44156.69
A14: Guanzon Central Office | B14: REPAIRED | C14: OPEN | D14: M00120000398 | E14: 44156 | F14: GCO1 | G14: laptop of engineer amy. Install autocad, and other engineering apps | I14: INSTALLATION & CONFIGURATION | J14: OTHER PERIPHERAL DEVICES | K14: 0 | N14: M00110018534 | P14: 44156 | Q14: SUPPORTED WITHIN 2DAYS | R14: SUPPORTED WITHIN 2DAYS | S14: 0 | T14: M001170038 | U14: Macarling, Federico Jr Romano | V14: 44156.543
A15: Guan Kai Office | B15: REPAIRED | C15: OPEN | D15: M00120000397 | E15: 44155 | F15: GK01 | G15: Antenna at GK pointing Suzuki Dagupan - can't access need to check | I15: Others | J15: OTHER PERIPHERAL DEVICES | K15: 0 | N15: M00105000801 | P15: 44156 | Q15: SUPPORTED WITHIN 2DAYS | R15: SUPPORTED WITHIN 2DAYS | S15: 0 | T15: M001170038 | U15: Macarling, Federico Jr Romano | V15: 44156.542
A16: Guanzon Central Office | B16: REPAIRED | C16: OPEN | D16: M00120000396 | E16: 44155 | F16: GCO1 | G16: Video card of Boss Jude Lo. for checking | I16: Others | J16: OTHER PERIPHERAL DEVICES | K16: 0 | N16: M00105000801 | P16: 44156 | Q16: SUPPORTED WITHIN 2DAYS | R16: SUPPORTED WITHIN 2DAYS | S16: 0 | T16: M001170038 | U16: Macarling, Federico Jr Romano | V16: 44156.539
A17: Guanzon Corporate Center | B17: REPAIRED | C17: OPEN | D17: M00120000395 | E17: 44156 | F17: GCC1 | G17: backload printer from Records. Epson LX300 - Unit2 | I17: REPAIR | J17: PRINTER | K17: 0 | N17: M00105000801 | P17: 44156 | Q17: SUPPORTED WITHIN 2DAYS | R17: SUPPORTED WITHIN 2DAYS | S17: 0 | T17: M001170038 | U17: Macarling, Federico Jr Romano | V17: 44156.522
A18: Guanzon Corporate Center | B18: REPAIRED | C18: OPEN | D18: M00120000394 | E18: 44156 | F18: GCC1 | G18: backload printer from Records. Epson LX300 - Unit1 | I18: REPAIR | J18: PRINTER | K18: 0 | N18: M00105000801 | P18: 44156 | Q18: SUPPORTED WITHIN 2DAYS | R18: SUPPORTED WITHIN 2DAYS | S18: 0 | T18: M001170038 | U18: Macarling, Federico Jr Romano | V18: 44156.521
A19: Guan Kai Office | B19: REPAIRED | C19: OPEN | D19: M00120000392 | E19: 44156 | F19: GK01 | G19: GK-HCM-Epson L3110 leak | I19: REPAIR | J19: PRINTER | K19: 0 | N19: M00105000801 | P19: 44156 | Q19: SUPPORTED WITHIN 2DAYS | R19: SUPPORTED WITHIN 2DAYS | S19: 0 | T19: M001170038 | U19: Macarling, Federico Jr Romano | V19: 44156.519
A20: LGK Tarlac - Honda | B20: REPAIRED | C20: OPEN | D20: M00120000388 | E20: 44156 | F20: M006 | G20: PRepare new SYSTEM UNIT - server pc | I20: INSTALLATION & CONFIGURATION | J20: SYSTEM UNIT | K20: 1 | N20: M00105000801 | P20: 44156 | Q20: SUPPORTED WITHIN 2DAYS | R20: SUPPORTED WITHIN 2DAYS | S20: 0 | T20: M001170038 | U20: Macarling, Federico Jr Romano | V20: 44156.462
A21: LGK Pozorrubio - Honda | B21: REPAIRED | C21: OPEN | D21: M00120000386 | E21: 44156 | F21: M038 | G21: windows 7. need to upgrade to windows 10 | H21: done. | I21: INSTALLATION & CONFIGURATION | J21: OTHER PERIPHERAL DEVICES | K21: 0 | M21: Done | N21: M00105000801 | O21: Macarling, F | P21: 44156 | Q21: SUPPORTED WITHIN 2DAYS | R21: SUPPORTED WITHIN 2DAYS | S21: 0 | T21: M001170038 | U21: Macarling, Federico Jr Romano | V21: 44156.378
A22: Guan Kai Office | B22: REPAIRED | C22: OPEN | D22: M00120000384 | E22: 44155 | F22: GK01 | G22: pull out Epson L3110 - HR Printer leak.. setup Epson L360 | I22: REPAIR | J22: PRINTER | K22: 0 | N22: M00115001493 | P22: 44155 | Q22: SUPPORTED WITHIN 2DAYS | R22: SUPPORTED WITHIN 2DAYS | S22: 0 | T22: M001170038 | U22: Macarling, Federico Jr Romano | V22: 44155.674
A23: Guan Kai Office | B23: REPAIRED | C23: OPEN | D23: M00120000383 | E23: 44155 | F23: GK01 | G23: setup Epson L360 | I23: INSTALLATION & CONFIGURATION | J23: PRINTER | K23: 0 | N23: M00115001493 | P23: 44155 | Q23: SUPPORTED WITHIN 2DAYS | R23: SUPPORTED WITHIN 2DAYS | S23: 0 | T23: M001170038 | U23: Macarling, Federico Jr Romano | V23: 44155.674
A24: Guan Kai Office | B24: REPAIRED | C24: OPEN | D24: M00120000375 | E24: 44155 | F24: GK01 | G24: pick up ink at micronics | I24: Others | J24: OTHER PERIPHERAL DEVICES | K24: 0 | N24: M00115001493 | P24: 44155 | Q24: SUPPORTED WITHIN 2DAYS | R24: SUPPORTED WITHIN 2DAYS | S24: 0 | T24: M001170038 | U24: Macarling, Federico Jr Romano | V24: 44155.607
A25: UEMI Rosario LU - Multi | B25: REPAIRED | C25: OPEN | D25: M00120000370 | E25: 44154 | F25: M110 | G25: need to repair printer | I25: REPAIR | J25: PRINTER | K25: 0 | N25: M00117000077 | P25: 44154 | Q25: SUPPORTED WITHIN 2DAYS | R25: SUPPORTED WITHIN 2DAYS | S25: 0 | T25: M001170038 | U25: Macarling, Federico Jr Romano | V25: 44154.647
A26: Guan Kai Office | B26: REPAIRED | C26: OPEN | D26: M00120000368 | E26: 44154 | F26: GK01 | G26: inquire 8port ethernet switch. for mcc baguio honda | I26: Others | J26: OTHER PERIPHERAL DEVICES | K26: 0 | N26: M00110017110 | P26: 44154 | Q26: SUPPORTED WITHIN 2DAYS | R26: SUPPORTED WITHIN 2DAYS | S26: 0 | T26: M001170038 | U26: Macarling, Federico Jr Romano | V26: 44154.581
A27: UEMI Dagupan - Suzuki | B27: REPAIRED | C27: OPEN | D27: M00120000367 | E27: 44154 | F27: M010 | G27: Antenna at GK pointing Suzuki dagupan - down. need to isolate and fix | I27: REPAIR | J27: NETWORK | K27: 0 | N27: M00107001868 | P27: 44154 | Q27: SUPPORTED WITHIN 2DAYS | R27: SUPPORTED WITHIN 2DAYS | S27: 0 | T27: M001170038 | U27: Macarling, Federico Jr Romano | V27: 44154.455
A28: MCC Dagupan - Kawasaki | B28: REPAIRED | C28: OPEN | D28: M00120000365 | E28: 44154 | F28: M126 | G28: Fix internet of MCC Dagupan Kawasaki | I28: REPAIR | J28: NETWORK | K28: 0 | N28: M01911000061 | P28: 44154 | Q28: SUPPORTED WITHIN 2DAYS | R28: SUPPORTED WITHIN 2DAYS | S28: 0 | T28: M001170038 | U28: Macarling, Federico Jr Romano | V28: 44154.454
A29: Guan Kai Office | B29: REPAIRED | C29: OPEN | D29: M00120000364 | E29: 44154 | F29: GK01 | G29: Fix local internet of M' Princess | I29: REPAIR | J29: NETWORK | K29: 0 | N29: M01911000061 | P29: 44154 | Q29: SUPPORTED WITHIN 2DAYS | R29: SUPPORTED WITHIN 2DAYS | S29: 0 | T29: M001170038 | U29: Macarling, Federico Jr Romano | V29: 44154.453
A30: Guan Kai Office | B30: REPAIRED | C30: OPEN | D30: M00120000363 | E30: 44154 | F30: GK01 | G30: Support/Assit Sir Phone about Zoom meeting | I30: SUPPORT ASSISTANCE(ACCESS, CALLS..) | J30: TECHNICAL SUPPORT | K30: 0 | N30: M00906001658 | P30: 44154 | Q30: SUPPORTED WITHIN 2DAYS | R30: SUPPORTED WITHIN 2DAYS | S30: 0 | T30: M001170038 | U30: Macarling, Federico Jr Romano | V30: 44154.453
A31: Guan Kai Office | B31: REPAIRED | C31: OPEN | D31: M00120000356 | E31: 44153 | F31: GK01 | G31: replace power supply - pc of multimedia | I31: REPAIR | J31: SYSTEM UNIT | K31: 0 | N31: M00105000084 | P31: 44153 | Q31: SUPPORTED WITHIN 2DAYS | R31: SUPPORTED WITHIN 2DAYS | S31: 0 | T31: M001170038 | U31: Macarling, Federico Jr Romano | V31: 44153.404
A32: Guanzon Corporate Center | B32: REPAIRED | C32: OPEN | D32: M00120000355 | E32: 44153 | F32: GCC1 | G32: for visit 2h- anolid.. need to replace router | I32: SUPPORT ASSISTANCE(ACCESS, CALLS..) | J32: TECHNICAL SUPPORT | K32: 0 | N32: M00105000084 | P32: 44153 | Q32: SUPPORTED WITHIN 2DAYS | R32: SUPPORTED WITHIN 2DAYS | S32: 0 | T32: M001170038 | U32: Macarling, Federico Jr Romano | V32: 44153.386
A33: UEMI Dagupan - Suzuki | B33: REPAIRED | C33: OPEN | D33: M00120000354 | E33: 44153 | F33: M010 | G33: fix ms office. reinstall | I33: SUPPORT ASSISTANCE(ACCESS, CALLS..) | J33: TECHNICAL SUPPORT | K33: 0 | N33: M00107001868 | P33: 44153 | Q33: SUPPORTED WITHIN 2DAYS | R33: SUPPORTED WITHIN 2DAYS | S33: 0 | T33: M001170038 | U33: Macarling, Federico Jr Romano | V33: 44153.385
... A37: Mobitek Nepo Mall Dagupan | B37: REPAIRED | C37: OPEN | D37: M00120000335 | E37: 44149 | F37: C008 | G37: fix telephone wirings of nepo dagupan mobitek - for terminal | I37: REPAIR | J37: NETWORK | K37: 0 | N37: M00119001128 | P37: 44149 | Q37: SUPPORTED WITHIN 2DAYS | R37: SUPPORTED WITHIN 2DAYS | S37: 0 | T37: M001170038 | U37: Macarling, Federico Jr Romano | V37: 44149.568
A38: Guan Kai Office | B38: REPAIRED | C38: OPEN | D38: M00120000330 | E38: 44149 | F38: GK01 | G38: Setup and install new PC of Support - PC 2 | I38: INSTALLATION & CONFIGURATION | J38: SYSTEM UNIT | K38: 0 | P38: 44149 | Q38: SUPPORTED WITHIN 2DAYS | R38: SUPPORTED WITHIN 2DAYS | S38: 0 | T38: M001170038 | U38: Macarling, Federico Jr Romano | V38: 44149.439
A39: Guan Kai Office | B39: REPAIRED | C39: OPEN | D39: M00120000329 | E39: 44149 | F39: GK01 | G39: Setup and install new PC of Support - PC 1 | I39: INSTALLATION & CONFIGURATION | J39: SYSTEM UNIT | K39: 0 | P39: 44149 | Q39: SUPPORTED WITHIN 2DAYS | R39: SUPPORTED WITHIN 2DAYS | S39: 0 | T39: M001170038 | U39: Macarling, Federico Jr Romano | V39: 44149.439
A40: UEMI San Nicolas - Yamaha | B40: REPAIRED | C40: OPEN | D40: M00120000326 | E40: 44148 | F40: M144 | G40: For diagnos - Server PC | I40: REPAIR | J40: SYSTEM UNIT | K40: 1 | N40: M00114001114 | P40: 44148 | Q40: SUPPORTED WITHIN 2DAYS | R40: SUPPORTED WITHIN 2DAYS | S40: 0 | T40: M001170038 | U40: Macarling, Federico Jr Romano | V40: 44148.624
A41: Guanzon Manila Office | B41: REPAIRED | C41: OPEN | D41: M00120000325 | E41: 44148 | F41: GMO1 | G41: Spare 2 of GMO - MIS | I41: INSTALLATION & CONFIGURATION | J41: SYSTEM UNIT | K41: 0 | N41: M00114001114 | P41: 44148 | Q41: SUPPORTED WITHIN 2DAYS | R41: SUPPORTED WITHIN 2DAYS | S41: 0 | T41: M001170038 | U41: Macarling, Federico Jr Romano | V41: 44148.623
A42: Guanzon Manila Office | B42: REPAIRED | C42: OPEN | D42: M00120000324 | E42: 44148 | F42: GMO1 | G42: Spare 1 of GMO - MIS | I42: INSTALLATION & CONFIGURATION | J42: SYSTEM UNIT | K42: 0 | N42: M00114001114 | P42: 44148 | Q42: SUPPORTED WITHIN 2DAYS | R42: SUPPORTED WITHIN 2DAYS | S42: 0 | T42: M001170038 | U42: Macarling, Federico Jr Romano | V42: 44148.623
A43: LGK Dagupan - Multi | B43: REPAIRED | C43: OPEN | D43: M00120000322 | E43: 44148 | F43: M002 | G43: PC 2 diagnosed as virus infected. client pc only | I43: SUPPORT ASSISTANCE(ACCESS, CALLS..) | J43: TECHNICAL SUPPORT | K43: 0 | N43: M00110017103 | P43: 44148 | Q43: SUPPORTED WITHIN 2DAYS | R43: SUPPORTED WITHIN 2DAYS | S43: 0 | T43: M001170038 | U43: Macarling, Federico Jr Romano | V43: 44148.454
A44: Guan Kai Office | B44: REPAIRED | C44: OPEN | D44: M00120000321 | E44: 44147 | F44: GK01 | G44: GK Line 1 - busy tone.. reported already to pldt | H44: reported already. ticket#: 36106612 as of 11/12/2020 | I44: REPAIR | J44: ISP CONCERN | K44: 0 | M44: for monitoring | N44: M00113001232 | O44: Velasquez, J | P44: 44148 | Q44: SUPPORTED WITHIN 2DAYS | R44: SUPPORTED WITHIN 2DAYS | S44: 0 | T44: M001170038 | U44: Macarling, Federico Jr Romano | V44: 44148.447
A45: Guan Kai Office | B45: OTHERS | C45: OPEN | D45: M00120000320 | E45: 44148 | F45: GK01 | G45: inquire laptop battery model: HP 14-bs065tx | H45: done. waiting for supplier respond | I45: REPAIR | J45: ISP CONCERN | K45: 0 | M45: Done | N45: M00110017110 | O45: Macarling, F | P45: 44148 | Q45: SUPPORTED WITHIN 2DAYS | R45: SUPPORTED WITHIN 2DAYS | S45: 4 | T45: M001170038 | U45: Macarling, Federico Jr Romano | V45: 44148.44
A46: MCC Kalibo - Multi | B46: REPAIRED | C46: OPEN | D46: M00120000308 | E46: 44147 | F46: M123 | G46: DVR continous beep.. problem: HDD not exist | I46: SUPPORT ASSISTANCE(ACCESS, CALLS..) | J46: CCTV | K46: 0 | P46: 44147 | Q46: SUPPORTED WITHIN 2DAYS | R46: SUPPORTED WITHIN 2DAYS | S46: 0 | T46: M001170038 | U46: Macarling, Federico Jr Romano | V46: 44147.456
A47: UEMI Urdaneta - Yamaha | B47: REPAIRED | C47: OPEN | D47: M00120000303 | E47: 44146 | F47: M018 | G47: backload computer monitor - for diagnose | I47: Others | J47: OTHER PERIPHERAL DEVICES | K47: 0 | P47: 44146 | Q47: SUPPORTED WITHIN 2DAYS | R47: SUPPORTED WITHIN 2DAYS | S47: 0 | T47: M001170038 | U47: Macarling, Federico Jr Romano | V47: 44146.613
A48: UEMI Urdaneta - Yamaha | B48: REPAIRED | C48: OPEN | D48: M00120000302 | E48: 44146 | F48: M018 | G48: backload old keyboard - for diagnos | I48: Others | J48: OTHER PERIPHERAL DEVICES | K48: 0 | P48: 44146 | Q48: SUPPORTED WITHIN 2DAYS | R48: SUPPORTED WITHIN 2DAYS | S48: 0 | T48: M001170038 | U48: Macarling, Federico Jr Romano | V48: 44146.613
A49: Guanzon Central Office | B49: REPAIRED | C49: OPEN | D49: M00120000301 | E49: 44146 | F49: GCO1 | G49: transfer PC of Riza - mp executive | I49: SUPPORT ASSISTANCE(ACCESS, CALLS..) | J49: TECHNICAL SUPPORT | K49: 0 | P49: 44146 | Q49: SUPPORTED WITHIN 2DAYS | R49: SUPPORTED WITHIN 2DAYS | S49: 0 | T49: M001170038 | U49: Macarling, Federico Jr Romano | V49: 44146.611
A50: Guanzon Corporate Center | B50: REPAIRED | C50: OPEN | D50: M00120000300 | E50: 44146 | F50: GCC1 | G50: fix no systems of anolid - reboot server database | I50: TROUBLESHOOT | J50: TECHNICAL SUPPORT | K50: 0 | P50: 44146 | Q50: SUPPORTED WITHIN 2DAYS | R50: SUPPORTED WITHIN 2DAYS | S50: 0 | T50: M001170038 | U50: Macarling, Federico Jr Romano | V50: 44146.61
A51: UEMI Cabagan - YAMAHA | B51: REPAIRED | C51: OPEN | D51: M00120000298 | E51: 44146 | F51: M125 | G51: Server PC - for diagnose | I51: REPAIR | J51: SYSTEM UNIT | K51: 1 | P51: 44146 | Q51: SUPPORTED WITHIN 2DAYS | R51: SUPPORTED WITHIN 2DAYS | S51: 0 | T51: M001170038 | U51: Macarling, Federico Jr Romano | V51: 44146.609
A52: UEMI Urdaneta - Yamaha | B52: REPAIRED | C52: OPEN | D52: M00120000297 | E52: 44146 | F52: M018 | G52: for diagnos printer | I52: REPAIR | J52: PRINTER | K52: 0 | P52: 44146 | Q52: SUPPORTED WITHIN 2DAYS | R52: SUPPORTED WITHIN 2DAYS | S52: 0 | T52: M001170038 | U52: Macarling, Federico Jr Romano | V52: 44146.593
A53: Guanzon Central Office | B53: REPAIRED | C53: OPEN | D53: M00120000280 | E53: 44145 | F53: GCO1 | G53: network cabling for GMA Office and for mam rowei | I53: INSTALLATION & CONFIGURATION | J53: NETWORK | K53: 0 | N53: M00111000671 | P53: 44145 | Q53: SUPPORTED WITHIN 2DAYS | R53: SUPPORTED WITHIN 2DAYS | S53: 0 | T53: M001170038 | U53: Macarling, Federico Jr Romano | V53: 44145.424
A54: Guan Kai Office | B54: REPAIRED | C54: OPEN | D54: M00120000272 | E54: 44144 | F54: GK01 | G54: CFF Printer - no power (model: HP Deskjet ink advantage 2010) | I54: REPAIR | J54: PRINTER | K54: 0 | N54: M06311000470 | P54: 44144 | Q54: SUPPORTED WITHIN 2DAYS | R54: SUPPORTED WITHIN 2DAYS | S54: 0 | T54: M001170038 | U54: Macarling, Federico Jr Romano | V54: 44144.491
A55: Guanzon Central Office | B55: REPAIRED | C55: OPEN | D55: M00120000270 | E55: 44144 | F55: GCO1 | G55: P.O. ink cartridge for Mam Mylene Lo | I55: Others | J55: Others | K55: 0 | N55: M06311000470 | P55: 44144 | Q55: SUPPORTED WITHIN 2DAYS | R55: SUPPORTED WITHIN 2DAYS | S55: 0 | T55: M001170038 | U55: Macarling, Federico Jr Romano | V55: 44144.474
A56: Guan Kai Office | B56: REPAIRED | C56: OPEN | D56: M00120000261 | E56: 44142 | F56: GK01 | G56: Request 5 sets of PC at Engr,. nelson office | I56: Others | J56: TECHNICAL SUPPORT | K56: 0 | N56: M00109011794 | P56: 44142 | Q56: SUPPORTED WITHIN 2DAYS | R56: SUPPORTED WITHIN 2DAYS | S56: 0 | T56: M001170038 | U56: Macarling, Federico Jr Romano | V56: 44142.472
A57: Guanzon Corporate Center | B57: REPAIRED | C57: OPEN | D57: M00120000260 | E57: 44142 | F57: GCC1 | G57: Computer 4 - additional at CSS | I57: INSTALLATION & CONFIGURATION | J57: SYSTEM UNIT | K57: 0 | N57: M00109011794 | P57: 44142 | Q57: SUPPORTED WITHIN 2DAYS | R57: SUPPORTED WITHIN 2DAYS | S57: 0 | T57: M001170038 | U57: Macarling, Federico Jr Romano | V57: 44142.472
A58: Guanzon Corporate Center | B58: REPAIRED | C58: OPEN | D58: M00120000259 | E58: 44142 | F58: GCC1 | G58: Computer 3 - additional at CSS | I58: INSTALLATION & CONFIGURATION | J58: SYSTEM UNIT | K58: 0 | N58: M00109011794 | P58: 44142 | Q58: SUPPORTED WITHIN 2DAYS | R58: SUPPORTED WITHIN 2DAYS | S58: 0 | T58: M001170038 | U58: Macarling, Federico Jr Romano | V58: 44142.471
A59: Guanzon Central Office | B59: REPAIRED | C59: OPEN | D59: M00120000258 | E59: 44142 | F59: GCO1 | G59: Computer 2 - additional at CSS | I59: INSTALLATION & CONFIGURATION | J59: SYSTEM UNIT | K59: 0 | N59: M00109011794 | P59: 44142 | Q59: SUPPORTED WITHIN 2DAYS | R59: SUPPORTED WITHIN 2DAYS | S59: 0 | T59: M001170038 | U59: Macarling, Federico Jr Romano | V59: 44142.471
A60: Guanzon Corporate Center | B60: REPAIRED | C60: OPEN | D60: M00120000257 | E60: 44142 | F60: GCC1 | G60: Computer 1 - additional at CSS | I60: INSTALLATION & CONFIGURATION | J60: SYSTEM UNIT | K60: 0 | N60: M00109011794 | P60: 44142 | Q60: SUPPORTED WITHIN 2DAYS | R60: SUPPORTED WITHIN 2DAYS | S60: 0 | T60: M001170038 | U60: Macarling, Federico Jr Romano | V60: 44142.471
A61: Guan Kai Office | B61: REPAIRED | C61: OPEN | D61: M00120000255 | E61: 44142 | F61: GK01 | G61: P.o. epson L3110 - for mam rita replacement | I61: Others | J61: OTHER PERIPHERAL DEVICES | K61: 0 | N61: M00102000458 | P61: 44142 | Q61: SUPPORTED WITHIN 2DAYS | R61: SUPPORTED WITHIN 2DAYS | S61: 0 | T61: M001170038 | U61: Macarling, Federico Jr Romano | V61: 44142.47
A62: Guan Kai Office | B62: REPAIRED | C62: OPEN | D62: M00120000249 | E62: 44141 | F62: GK01 | G62: P.O. ink request by Monarch - Engineering | I62: Others | J62: Others | K62: 0 | N62: M00114000092 | P62: 44141 | Q62: SUPPORTED WITHIN 2DAYS | R62: SUPPORTED WITHIN 2DAYS | S62: 0 | T62: M001170038 | U62: Macarling, Federico Jr Romano | V62: 44141.601
A63: Pedritos Head Office | B63: REPAIRED | C63: OPEN | D63: M00120000243 | E63: 44141 | F63: PHO1 | G63: inquire printer 3N1 at micronics and pc cartel | I63: Others | J63: TECHNICAL SUPPORT | K63: 0 | N63: M00110017110 | P63: 44141 | Q63: SUPPORTED WITHIN 2DAYS | R63: SUPPORTED WITHIN 2DAYS | S63: 0 | T63: M001170038 | U63: Macarling, Federico Jr Romano | V63: 44141.432
A64: Guan Kai Office | B64: REPAIRED | C64: OPEN | D64: M00120000240 | E64: 44140 | F64: GK01 | G64: check pc of ricky montoya css | I64: SUPPORT ASSISTANCE(ACCESS, CALLS..) | J64: TECHNICAL SUPPORT | K64: 0 | N64: M00113000641 | P64: 44140 | Q64: SUPPORTED WITHIN 2DAYS | R64: SUPPORTED WITHIN 2DAYS | S64: 0 | T64: M001170038 | U64: Macarling, Federico Jr Romano | V64: 44140.706
... A66: Guanzon Central Office | B66: REPAIRED | C66: OPEN | D66: M00120000232 | E66: 44140 | F66: GCO1 | G66: NO DIAL TONE TWO WEEKS NA. PLDT PROBLEM NEED TO VISIT BY PLDT | I66: REPAIR | J66: ISP CONCERN | K66: 0 | N66: M00118002408 | P66: 44140 | Q66: SUPPORTED WITHIN 2DAYS | R66: SUPPORTED WITHIN 2DAYS | S66: 0 | T66: M001170038 | U66: Macarling, Federico Jr Romano | V66: 44140.409

Sheet Summary
A2: JO SUMMARY PER CATEGORY - NOV 2020
A3: Count of sTransNox | B3: Column Labels
A4: Row Labels | B4: CCTV | C4: GPS | D4: ISP CONCERN | E4: NETWORK | F4: OTHER PERIPHERAL DEVICES | G4: Others | H4: PRINTER | I4: SYSTEM UNIT | J4: TECHNICAL SUPPORT | K4: (blank) | L4: Grand Total
A5: INSTALLATION & CONFIGURATION | B5: 5 | C5: 6 | E5: 1 | F5: 6 | G5: 1 | H5: 2 | I5: 35 | L5: 56
A6: MAINTENANCE | B6: 1 | E6: 1 | H6: 2 | I6: 1 | L6: 5
A7: Others | C7: 8 | D7: 5 | E7: 3 | F7: 56 | G7: 63 | H7: 4 | I7: 3 | J7: 2 | L7: 144
A8: REPAIR | B8: 2 | D8: 22 | E8: 7 | F8: 3 | H8: 39 | I8: 37 | J8: 1 | L8: 111
A9: REPLACEMENT | B9: 2 | C9: 1 | F9: 3 | I9: 6 | L9: 12
A10: SUPPORT ASSISTANCE(ACCESS, CALLS..) | B10: 6 | C10: 1 | D10: 15 | E10: 9 | F10: 2 | H10: 24 | I10: 3 | J10: 42 | L10: 102
A11: TROUBLESHOOT | E11: 2 | H11: 1 | J11: 1 | L11: 4
A12: (blank) | K12: 5 | L12: 5
A13: Grand Total | B13: 16 | C13: 16 | D13: 42 | E13: 23 | F13: 70 | G13: 64 | H13: 72 | I13: 85 | J13: 46 | K13: 5 | L13: 439
A16: JO SUMMARY STATUS - NOV 2020
A17: Count of sTransNox | B17: Column Labels
A18: Row Labels | B18: NOT SUPPORTED WITHIN 2DAYS | C18: SUPPORTED WITHIN 2DAYS | D18: Grand Total | F18: Count of sTransNox | G18: Column Labels
A19: INSTALLATION & CONFIGURATION | B19: 20 | C19: 36 | D19: 56 | F19: Row Labels | G19: OPEN | H19: POSTED | I19: Grand Total
A20: MAINTENANCE | B20: 1 | C20: 4 | D20: 5 | F20: Cuison, Bernard Ramos | G20: 12 | I20: 12
A21: Others | B21: 45 | C21: 99 | D21: 144 | F21: Macarling, Federico Jr Romano | G21: 65 | H21: 110 | I21: 175
A22: REPAIR | B22: 35 | C22: 76 | D22: 111 | F22: Trinidad, Jan Carlo Aquino | G22: 25 | H22: 131 | I22: 156
A23: REPLACEMENT | B23: 2 | C23: 10 | D23: 12 | F23: Velasquez, Jayson Alon | G23: 14 | H23: 82 | I23: 96
A24: SUPPORT ASSISTANCE(ACCESS, CALLS..) | B24: 28 | C24: 74 | D24: 102 | F24: Grand Total | G24: 116 | H24: 323 | I24: 439
A25: TROUBLESHOOT | C25: 4 | D25: 4
A26: (blank) | B26: 1 | C26: 4 | D26: 5
A27: Grand Total | B27: 132 | C27: 307 | D27: 439
A30: CCTV Monitoring for the month of November
B31: Column Labels
B32: MONITORED | C32: NOT MONITORED | D32: NOT YET ADDED | E32: Grand Total
A33: Count of sBranchNm | B33: 32 | C33: 219 | D33: 22 | E33: 273
A37: Count of sBranchNm | B37: Column Labels
A38: Row Labels | B38: \N | C38: FOR REPLACEMENT | D38: FOR VISIT | E38: GOOD | F38: NO CCTV | G38: NO ISP | H38: RECORDING | I38: Grand Total
A39: Area 1 (MP) | D39: 7 | H39: 8 | I39: 15
A40: Area 2 (MP) | B40: 4 | D40: 4 | E40: 1 | H40: 12 | I40: 21
A41: Area 3 (MP) | D41: 5 | H41: 7 | I41: 12
A42: Area 4 (MP) | C42: 1 | D42: 14 | E42: 1 | G42: 2 | H42: 3 | I42: 21
A43: AREA 5 (MP) | B43: 1 | D43: 11 | H43: 3 | I43: 15
A44: Main 1 (MP) | B44: 7 | I44: 7
A45: Main Office | B45: 2 | H45: 2 | I45: 4
A46: NCR | D46: 5 | H46: 6 | I46: 11
A47: R1 - A | D47: 11 | F47: 1 | H47: 4 | I47: 16
A48: R1 - B | B48: 1 | D48: 5 | F48: 1 | H48: 7 | I48: 14
A49: R1 - C | B49: 1 | D49: 5 | H49: 10 | I49: 16
A50: R1 - D | D50: 4 | G50: 1 | H50: 16 | I50: 21
A51: R1 - E | D51: 2 | E51: 1 | F51: 1 | G51: 2 | H51: 9 | I51: 15
A52: R2 | B52: 2 | D52: 6 | G52: 2 | H52: 6 | I52: 16
A53: R3 - A | D53: 4 | G53: 1 | H53: 6 | I53: 11
A54: R3 - B | D54: 1 | G54: 1 | H54: 4 | I54: 6
A55: R3 - C | D55: 8 | F55: 1 | H55: 6 | I55: 15
A56: R4 - A | D56: 8 | H56: 3 | I56: 11
A57: R4 - B | G57: 2 | H57: 1 | I57: 3
A58: R5 | G58: 1 | H58: 1 | I58: 2
A59: R6 | D59: 6 | H59: 5 | I59: 11
A60: R7 | H60: 5 | I60: 5
A61: Warehouse (MC) | B61: 4 | H61: 1 | I61: 5
A62: Grand Total | B62: 22 | C62: 1 | D62: 106 | E62: 3 | F62: 4 | G62: 12 | H62: 125 | I62: 273
A66: CCTV Monitoring for HIK Connect the month of November
A67: Count of sBranchNm | B67: Column Labels
A68: Row Labels | B68: \N | C68: OFFLINE | D68: ONLINE | E68: Grand Total
A69: Area 1 (MP) | C69: 7 | D69: 8 | E69: 15
A70: Area 2 (MP) | B70: 4 | C70: 2 | D70: 15 | E70: 21
A71: Area 3 (MP) | C71: 4 | D71: 8 | E71: 12
A72: Area 4 (MP) | C72: 13 | D72: 8 | E72: 21
A73: AREA 5 (MP) | B73: 1 | C73: 8 | D73: 6 | E73: 15
A74: Main 1 (MP) | B74: 7 | E74: 7
A75: Main Office | B75: 2 | D75: 2 | E75: 4
A76: NCR | C76: 4 | D76: 7 | E76: 11
A77: R1 - A | C77: 7 | D77: 9 | E77: 16
A78: R1 - B | B78: 1 | C78: 3 | D78: 10 | E78: 14
A79: R1 - C | B79: 1 | C79: 6 | D79: 9 | E79: 16
A80: R1 - D | C80: 6 | D80: 15 | E80: 21
A81: R1 - E | C81: 5 | D81: 10 | E81: 15
A82: R2 | B82: 2 | C82: 9 | D82: 5 | E82: 16
A83: R3 - A | C83: 5 | D83: 6 | E83: 11
A84: R3 - B | C84: 3 | D84: 3 | E84: 6
A85: R3 - C | C85: 10 | D85: 5 | E85: 15
A86: R4 - A | C86: 6 | D86: 5 | E86: 11
A87: R4 - B | C87: 2 | D87: 1 | E87: 3
A88: R5 | C88: 1 | D88: 1 | E88: 2
A89: R6 | C89: 4 | D89: 7 | E89: 11
A90: R7 | C90: 2 | D90: 3 | E90: 5
A91: Warehouse (MC) | B91: 4 | D91: 1 | E91: 5
A92: Grand Total | B92: 22 | C92: 107 | D92: 144 | E92: 273

Sheet JO
A1: sBranchNm | B1: JO Status | C1: Status | D1: sTransNox | E1: dTransact | F1: sBranchCd | G1: sRequestX | H1: sDiagnose | I1: sJOTypexx | J1: sCategory | K1: cServerPC | L1: sProblemx | M1: sRemarksx | N1: sRqstdIDx | O1: sSupprtBy | P1: dPostedxx | Q1: ACTUAL STATUS | R1: ACTUAL STATUS no formula | S1: STATUS | T1: sModified | U1: Encoder | V1: dModified
A2: Guan Kai Office | B2: REPAIRED | C2: POSTED | D2: GK0120000576 | E2: 44137 | F2: GK01 | G2: No monitor display. | H2: nilinisan yung memory. | I2: REPAIR | J2: SYSTEM UNIT | K2: 0 | M2: Done | N2: M00119001680 | O2: Trinidad, Ja | P2: 44137 | Q2: =IF((P2-E2)>2,"NOT SUPPORTED WITHIN 2DAYS","SUPPORTED WITHIN 2DAYS") -> SUPPORTED WITHIN 2DAYS | R2: SUPPORTED WITHIN 2DAYS | S2: 0 | T2: GK01190015 | U2: =VLOOKUP(T2,personnel!A$1:B$4,2,FALSE) -> Trinidad, Jan Carlo Aquino | V2: 44137.389
A3: GMC San Fabian - Honda | B3: OTHERS | C3: POSTED | D3: GK0120000577 | E3: 44137 | F3: M064 | G3: Asset transfer replacement of old keyboard. | I3: Others | J3: Others | K3: 0 | M3: Done | N3: M00119001680 | O3: Trinidad, Ja | P3: 44137 | Q3: =IF((P3-E3)>2,"NOT SUPPORTED WITHIN 2DAYS","SUPPORTED WITHIN 2DAYS") -> SUPPORTED WITHIN 2DAYS | R3: SUPPORTED WITHIN 2DAYS | S3: 4 | T3: GK01190015 | U3: =VLOOKUP(T3,personnel!A$1:B$4,2,FALSE) -> Trinidad, Jan Carlo Aquino | V3: 44137.408
A4: Guanzon Corporate Center | B4: OTHERS | C4: POSTED | D4: GK0120000578 | E4: 44137 | F4: GCC1 | G4: Create PO, sticker, and asset transfer of repaired system unit 1 for Records department. | I4: SUPPORT ASSISTANCE(ACCESS, CALLS..) | J4: PRINTER | K4: 0 | M4: Done | O4: Trinidad, Ja | P4: 44139 | Q4: =IF((P4-E4)>2,"NOT SUPPORTED WITHIN 2DAYS","SUPPORTED WITHIN 2DAYS") -> SUPPORTED WITHIN 2DAYS | R4: SUPPORTED WITHIN 2DAYS | S4: 4 | T4: GK01190015 | U4: =VLOOKUP(T4,personnel!A$1:B$4,2,FALSE) -> Trinidad, Jan Carlo Aquino | V4: 44137.424
A5: Guan Kai Office | B5: OTHERS | C5: POSTED | D5: GK0120000579 | E5: 44137 | F5: GK01 | G5: Received backloads. | I5: SUPPORT ASSISTANCE(ACCESS, CALLS..) | J5: PRINTER | K5: 0 | M5: Done | O5: Trinidad, Ja | P5: 44139 | Q5: =IF((P5-E5)>2,"NOT SUPPORTED WITHIN 2DAYS","SUPPORTED WITHIN 2DAYS") -> SUPPORTED WITHIN 2DAYS | R5: SUPPORTED WITHIN 2DAYS | S5: 4 | T5: GK01190015 | U5: =VLOOKUP(T5,personnel!A$1:B$4,2,FALSE) -> Trinidad, Jan Carlo Aquino | V5: 44137.613
A6: GMC Baguio - Multi | B6: OTHERS | C6: POSTED | D6: GK0120000580 | E6: 44137 | F6: M175 | G6: Spare system unit. copy files para mapadala sa kanila. | I6: Others | J6: Others | K6: 0 | M6: Done | O6: Trinidad, Ja | P6: 44154 | Q6: =IF((P6-E6)>2,"NOT SUPPORTED WITHIN 2DAYS","SUPPORTED WITHIN 2DAYS") -> NOT SUPPORTED WITHIN 2DAYS | R6: NOT SUPPORTED WITHIN 2DAYS | S6: 4 | T6: GK01190015 | U6: =VLOOKUP(T6,personnel!A$1:B$4,2,FALSE) -> Trinidad, Jan Carlo Aquino | V6: 44137.614
A7: MCC Sta. Barbara- Honda | B7: NEW INSTALL | C7: POSTED | D7: GK0120000581 | E7: 44138 | F7: M111 | G7: For diagnose. | H7: nireformat ni sir Rico. ininstall ko mga softwares. | I7: SUPPORT ASSISTANCE(ACCESS, CALLS..) | J7: PRINTER | K7: 0 | M7: Done | O7: Trinidad, Ja | P7: 44139 | Q7: =IF((P7-E7)>2,"NOT SUPPORTED WITHIN 2DAYS","SUPPORTED WITHIN 2DAYS") -> SUPPORTED WITHIN 2DAYS | R7: SUPPORTED WITHIN 2DAYS | S7: 3 | T7: GK01190015 | U7: =VLOOKUP(T7,personnel!A$1:B$4,2,FALSE) -> Trinidad, Jan Carlo Aquino | V7: 44138.484
A8: Guan Kai Office | B8: REPAIRED | C8: POSTED | D8: GK0120000582 | E8: 44138 | F8: GK01 | G8: connect laptop of sir Gene sa printer ni mam Shirley. | I8: SUPPORT ASSISTANCE(ACCESS, CALLS..) | J8: PRINTER | K8: 0 | M8: Done | O8: Trinidad, Ja | P8: 44139 | Q8: =IF((P8-E8)>2,"NOT SUPPORTED WITHIN 2DAYS","SUPPORTED WITHIN 2DAYS") -> SUPPORTED WITHIN 2DAYS | R8: SUPPORTED WITHIN 2DAYS | S8: 0 | T8: GK01190015 | U8: =VLOOKUP(T8,personnel!A$1:B$4,2,FALSE) -> Trinidad, Jan Carlo Aquino | V8: 44138.486
A9: Mobitek Robinsons Santiago | B9: OTHERS | C9: POSTED | D9: GK0120000583 | E9: 44138 | F9: C041 | G9: Asset transfer repaired UPS with new Battery. | I9: SUPPORT ASSISTANCE(ACCESS, CALLS..) | J9: PRINTER | K9: 0 | M9: Done | O9: Trinidad, Ja | P9: 44139 | Q9: =IF((P9-E9)>2,"NOT SUPPORTED WITHIN 2DAYS","SUPPORTED WITHIN 2DAYS") -> SUPPORTED WITHIN 2DAYS | R9: SUPPORTED WITHIN 2DAYS | S9: 4 | T9: GK01190015 | U9: =VLOOKUP(T9,personnel!A$1:B$4,2,FALSE) -> Trinidad, Jan Carlo Aquino | V9: 44138.49
A10: UEMI San Fabian - Yamaha | B10: OTHERS | C10: POSTED | D10: GK0120000584 | E10: 44139 | F10: M174 | G10: Put stickers on 1 set of computer. except system unit already have. | I10: SUPPORT ASSISTANCE(ACCESS, CALLS..) | J10: PRINTER | K10: 0 | M10: Done | O10: Trinidad, Ja | P10: 44139 | Q10: =IF((P10-E10)>2,"NOT SUPPORTED WITHIN 2DAYS","SUPPORTED WITHIN 2DAYS") -> SUPPORTED WITHIN 2DAYS | R10: SUPPORTED WITHIN 2DAYS | S10: 4 | T10: GK01190015 | U10: =VLOOKUP(T10,personnel!A$1:B$4,2,FALSE) -> Trinidad, Jan Carlo Aquino | V10: 44139.416
A11: UEMI San Fabian - Yamaha | B11: OTHERS | C11: POSTED | D11: GK0120000585 | E11: 44139 | F11: M174 | G11: Asset transfer of new 1 set of computer for new branch. | I11: SUPPORT ASSISTANCE(ACCESS, CALLS..) | J11: PRINTER | K11: 0 | M11: Done | O11: Trinidad, Ja | P11: 44139 | Q11: =IF((P11-E11)>2,"NOT SUPPORTED WITHIN 2DAYS","SUPPORTED WITHIN 2DAYS") -> SUPPORTED WITHIN 2DAYS | R11: SUPPORTED WITHIN 2DAYS | S11: 4 | T11: GK01190015 | U11: =VLOOKUP(T11,personnel!A$1:B$4,2,FALSE) -> Trinidad, Jan Carlo Aquino | V11: 44139.416
A12: GMC Dagupan - Honda | B12: OTHERS | C12: POSTED | D12: GK0120000586 | E12: 44139 | F12: M001 | G12: Create PO receiving of old UPS. | I12: SUPPORT ASSISTANCE(ACCESS, CALLS..) | J12: PRINTER | K12: 0 | M12: Done | O12: Trinidad, Ja | P12: 44139 | Q12: =IF((P12-E12)>2,"NOT SUPPORTED WITHIN 2DAYS","SUPPORTED WITHIN 2DAYS") -> SUPPORTED WITHIN 2DAYS | R12: SUPPORTED WITHIN 2DAYS | S12: 4 | T12: GK01190015 | U12: =VLOOKUP(T12,personnel!A$1:B$4,2,FALSE) -> Trinidad, Jan Carlo Aquino | V12: 44139.419
A13: GMC Dagupan - Honda | B13: OTHERS | C13: POSTED | D13: GK0120000587 | E13: 44139 | F13: M001 | G13: Put sticker serial of UPS. | I13: SUPPORT ASSISTANCE(ACCESS, CALLS..) | J13: PRINTER | K13: 0 | M13: Done | O13: Trinidad, Ja | P13: 44139 | Q13: =IF((P13-E13)>2,"NOT SUPPORTED WITHIN 2DAYS","SUPPORTED WITHIN 2DAYS") -> SUPPORTED WITHIN 2DAYS | R13: SUPPORTED WITHIN 2DAYS | S13: 4 | T13: GK01190015 | U13: =VLOOKUP(T13,personnel!A$1:B$4,2,FALSE) -> Trinidad, Jan Carlo Aquino | V13: 44139.419
A14: GMC Dagupan - Honda | B14: OTHERS | C14: POSTED | D14: GK0120000588 | E14: 44139 | F14: M001 | G14: Asset transfer of old UPS. | I14: SUPPORT ASSISTANCE(ACCESS, CALLS..) | J14: PRINTER | K14: 0 | M14: Done | O14: Trinidad, Ja | P14: 44139 | Q14: =IF((P14-E14)>2,"NOT SUPPORTED WITHIN 2DAYS","SUPPORTED WITHIN 2DAYS") -> SUPPORTED WITHIN 2DAYS | R14: SUPPORTED WITHIN 2DAYS | S14: 4 | T14: GK01190015 | U14: =VLOOKUP(T14,personnel!A$1:B$4,2,FALSE) -> Trinidad, Jan Carlo Aquino | V14: 44139.419
A15: GMC San Fabian - Honda | B15: NEW INSTALL | C15: POSTED | D15: GK0120000589 | E15: 44138 | F15: M064 | G15: For checking installed system unit. | I15: SUPPORT ASSISTANCE(ACCESS, CALLS..) | J15: PRINTER | K15: 0 | M15: Done. | O15: Trinidad, Ja | P15: 44139 | Q15: =IF((P15-E15)>2,"NOT SUPPORTED WITHIN 2DAYS","SUPPORTED WITHIN 2DAYS") -> SUPPORTED WITHIN 2DAYS | R15: SUPPORTED WITHIN 2DAYS | S15: 3 | T15: GK01190015 | U15: =VLOOKUP(T15,personnel!A$1:B$4,2,FALSE) -> Trinidad, Jan Carlo Aquino | V15: 44139.454
A16: Guanzon Central Office | B16: OTHERS | C16: POSTED | D16: GK0120000590 | E16: 44139 | F16: GCO1 | G16: Asset transfer repaired system unit with monitor. | I16: SUPPORT ASSISTANCE(ACCESS, CALLS..) | J16: PRINTER | K16: 0 | M16: Done | O16: Trinidad, Ja | P16: 44139 | Q16: =IF((P16-E16)>2,"NOT SUPPORTED WITHIN 2DAYS","SUPPORTED WITHIN 2DAYS") -> SUPPORTED WITHIN 2DAYS | R16: SUPPORTED WITHIN 2DAYS | S16: 4 | T16: GK01190015 | U16: =VLOOKUP(T16,personnel!A$1:B$4,2,FALSE) -> Trinidad, Jan Carlo Aquino | V16: 44139.566
A17: MCC Sta. Barbara- Honda | B17: OTHERS | C17: POSTED | D17: GK0120000591 | E17: 44139 | F17: M111 | G17: install Softwares. | I17: MAINTENANCE | J17: PRINTER | K17: 0 | M17: Done ready for checking. | O17: Trinidad, Ja | P17: 44139 | Q17: =IF((P17-E17)>2,"NOT SUPPORTED WITHIN 2DAYS","SUPPORTED WITHIN 2DAYS") -> SUPPORTED WITHIN 2DAYS | R17: SUPPORTED WITHIN 2DAYS | S17: 4 | T17: GK01190015 | U17: =VLOOKUP(T17,personnel!A$1:B$4,2,FALSE) -> Trinidad, Jan Carlo Aquino | V17: 44139.57
A18: Guan Kai Office | B18: OTHERS | C18: POSTED | D18: GK0120000592 | E18: 44139 | F18: GK01 | G18: Refill yellow ink. | I18: SUPPORT ASSISTANCE(ACCESS, CALLS..) | J18: PRINTER | K18: 0 | M18: Done | O18: Trinidad, Ja | P18: 44139 | Q18: =IF((P18-E18)>2,"NOT SUPPORTED WITHIN 2DAYS","SUPPORTED WITHIN 2DAYS") -> SUPPORTED WITHIN 2DAYS | R18: SUPPORTED WITHIN 2DAYS | S18: 4 | T18: GK01190015 | U18: =VLOOKUP(T18,personnel!A$1:B$4,2,FALSE) -> Trinidad, Jan Carlo Aquino | V18: 44139.587
A19: Guan Kai Office | B19: REPAIRED | C19: POSTED | D19: GK0120000593 | E19: 44139 | F19: GK01 | G19: Connect pc of sir Charles of HR to printer of mam shirley. | I19: SUPPORT ASSISTANCE(ACCESS, CALLS..) | J19: PRINTER | K19: 0 | M19: Done | N19: M00118001281 | O19: Trinidad, Ja | P19: 44139 | Q19: =IF((P19-E19)>2,"NOT SUPPORTED WITHIN 2DAYS","SUPPORTED WITHIN 2DAYS") -> SUPPORTED WITHIN 2DAYS | R19: SUPPORTED WITHIN 2DAYS | S19: 0 | T19: GK01190015 | U19: =VLOOKUP(T19,personnel!A$1:B$4,2,FALSE) -> Trinidad, Jan Carlo Aquino | V19: 44139.625
A20: UEMI Cauayan - Multi | B20: OTHERS | C20: POSTED | D20: GK0120000594 | E20: 44140 | F20: M051 | G20: tumawag yung branch na ipadala daw po sa kanila yung binackload nilang 5 GPS. | I20: INSTALLATION & CONFIGURATION | J20: SYSTEM UNIT | K20: 0 | M20: Done | O20: Trinidad, Ja | P20: 44144 | Q20: =IF((P20-E20)>2,"NOT SUPPORTED WITHIN 2DAYS","SUPPORTED WITHIN 2DAYS") -> NOT SUPPORTED WITHIN 2DAYS | R20: NOT SUPPORTED WITHIN 2DAYS | S20: 4 | T20: GK01190015 | U20: =VLOOKUP(T20,personnel!A$1:B$4,2,FALSE) -> Trinidad, Jan Carlo Aquino | V20: 44140.349
A21: UEMI Mangaldan - Suzuki | B21: REPAIRED | C21: POSTED | D21: GK0120000595 | E21: 44140 | F21: M156 | G21: For backload - start up repair. | I21: INSTALLATION & CONFIGURATION | J21: SYSTEM UNIT | K21: 0 | M21: Done | O21: Trinidad, Ja | P21: 44144 | Q21: =IF((P21-E21)>2,"NOT SUPPORTED WITHIN 2DAYS","SUPPORTED WITHIN 2DAYS") -> NOT SUPPORTED WITHIN 2DAYS | R21: NOT SUPPORTED WITHIN 2DAYS | S21: 0 | T21: GK01190015 | U21: =VLOOKUP(T21,personnel!A$1:B$4,2,FALSE) -> Trinidad, Jan Carlo Aquino | V21: 44140.38
A22: Guan Kai Office | B22: REPAIRED | C22: POSTED | D22: GK0120000596 | E22: 44140 | F22: GK01 | G22: Connect pc ni sir Cholo sa printer ng Hardware. | I22: INSTALLATION & CONFIGURATION | J22: SYSTEM UNIT | K22: 0 | M22: Done | N22: M00119000629 | O22: Trinidad, Ja | P22: 44144 | Q22: =IF((P22-E22)>2,"NOT SUPPORTED WITHIN 2DAYS","SUPPORTED WITHIN 2DAYS") -> NOT SUPPORTED WITHIN 2DAYS | R22: NOT SUPPORTED WITHIN 2DAYS | S22: 0 | T22: GK01190015 | U22: =VLOOKUP(T22,personnel!A$1:B$4,2,FALSE) -> Trinidad, Jan Carlo Aquino | V22: 44140.464
A23: Guan Kai Office | B23: REPAIRED | C23: POSTED | D23: GK0120000597 | E23: 44140 | F23: GK01 | G23: Connect printer of mam Badeth of HR dept. sa printer ng MIS. | I23: INSTALLATION & CONFIGURATION | J23: SYSTEM UNIT | K23: 0 | M23: Done | N23: M00116002291 | O23: Trinidad, Ja | P23: 44144 | Q23: =IF((P23-E23)>2,"NOT SUPPORTED WITHIN 2DAYS","SUPPORTED WITHIN 2DAYS") -> NOT SUPPORTED WITHIN 2DAYS | R23: NOT SUPPORTED WITHIN 2DAYS | S23: 0 | T23: GK01190015 | U23: =VLOOKUP(T23,personnel!A$1:B$4,2,FALSE) -> Trinidad, Jan Carlo Aquino | V23: 44140.464
A24: Guan Kai Office | B24: REPAIRED | C24: POSTED | D24: GK0120000598 | E24: 44140 | F24: GK01 | G24: puno na yung pod at need ireset. | I24: REPAIR | J24: SYSTEM UNIT | K24: 0 | M24: DOne | N24: M00116002291 | O24: Trinidad, Ja | P24: 44140 | Q24: =IF((P24-E24)>2,"NOT SUPPORTED WITHIN 2DAYS","SUPPORTED WITHIN 2DAYS") -> SUPPORTED WITHIN 2DAYS | R24: SUPPORTED WITHIN 2DAYS | S24: 0 | T24: GK01190015 | U24: =VLOOKUP(T24,personnel!A$1:B$4,2,FALSE) -> Trinidad, Jan Carlo Aquino | V24: 44140.467
A25: UEMI Cauayan - Multi | B25: OTHERS | C25: POSTED | D25: GK0120000599 | E25: 44140 | F25: M051 | G25: Document transfer GPS. | I25: INSTALLATION & CONFIGURATION | J25: SYSTEM UNIT | K25: 0 | M25: Done | O25: Trinidad, Ja | P25: 44144 | Q25: =IF((P25-E25)>2,"NOT SUPPORTED WITHIN 2DAYS","SUPPORTED WITHIN 2DAYS") -> NOT SUPPORTED WITHIN 2DAYS | R25: NOT SUPPORTED WITHIN 2DAYS | S25: 4 | T25: GK01190015 | U25: =VLOOKUP(T25,personnel!A$1:B$4,2,FALSE) -> Trinidad, Jan Carlo Aquino | V25: 44140.606
A26: Guan Kai Office | B26: REPAIRED | C26: POSTED | D26: GK0120000600 | E26: 44140 | F26: GK01 | G26: No monitor display of mam shirley's PC. | H26: kailangang linisan memory para mag open . | I26: REPAIR | J26: SYSTEM UNIT | K26: 0 | M26: Done | O26: Trinidad, Ja | P26: 44140 | Q26: =IF((P26-E26)>2,"NOT SUPPORTED WITHIN 2DAYS","SUPPORTED WITHIN 2DAYS") -> SUPPORTED WITHIN 2DAYS | R26: SUPPORTED WITHIN 2DAYS | S26: 0 | T26: GK01190015 | U26: =VLOOKUP(T26,personnel!A$1:B$4,2,FALSE) -> Trinidad, Jan Carlo Aquino | V26: 44140.68
A27: UEMI Malasiqui - Multi | B27: REPAIRED | C27: POSTED | D27: GK0120000601 | E27: 44141 | F27: M053 | G27: Hindi daw po magamit. | I27: Others | J27: Others | K27: 0 | M27: Done | O27: Trinidad, Ja | P27: 44154 | Q27: =IF((P27-E27)>2,"NOT SUPPORTED WITHIN 2DAYS","SUPPORTED WITHIN 2DAYS") -> NOT SUPPORTED WITHIN 2DAYS | R27: NOT SUPPORTED WITHIN 2DAYS | S27: 0 | T27: GK01190015 | U27: =VLOOKUP(T27,personnel!A$1:B$4,2,FALSE) -> Trinidad, Jan Carlo Aquino | V27: 44141.387
A28: MCC Sta. Barbara- Honda | B28: OTHERS | C28: POSTED | D28: GK0120000602 | E28: 44141 | F28: M111 | G28: Asset transfer of repaired backload system unit. | I28: INSTALLATION & CONFIGURATION | J28: SYSTEM UNIT | K28: 0 | M28: Done | O28: Trinidad, Ja | P28: 44144 | Q28: =IF((P28-E28)>2,"NOT SUPPORTED WITHIN 2DAYS","SUPPORTED WITHIN 2DAYS") -> NOT SUPPORTED WITHIN 2DAYS | R28: NOT SUPPORTED WITHIN 2DAYS | S28: 4 | T28: GK01190015 | U28: =VLOOKUP(T28,personnel!A$1:B$4,2,FALSE) -> Trinidad, Jan Carlo Aquino | V28: 44141.387
A29: Guan Kai Office | B29: OTHERS | C29: POSTED | D29: GK0120000603 | E29: 44141 | F29: GK01 | G29: Document transfer system unit for CFF. | I29: INSTALLATION & CONFIGURATION | J29: SYSTEM UNIT | K29: 0 | M29: Done | O29: Trinidad, Ja | P29: 44144 | Q29: =IF((P29-E29)>2,"NOT SUPPORTED WITHIN 2DAYS","SUPPORTED WITHIN 2DAYS") -> NOT SUPPORTED WITHIN 2DAYS | R29: NOT SUPPORTED WITHIN 2DAYS | S29: 4 | T29: GK01190015 | U29: =VLOOKUP(T29,personnel!A$1:B$4,2,FALSE) -> Trinidad, Jan Carlo Aquino | V29: 44141.48
A30: MCC Balasan - Multi | B30: OTHERS | C30: POSTED | D30: GK0120000604 | E30: 44141 | F30: M119 | G30: Create sticker and asset transfer of requested 1 keyboard for replacement. | I30: INSTALLATION & CONFIGURATION | J30: SYSTEM UNIT | K30: 0 | M30: Done | O30: Trinidad, Ja | P30: 44144 | Q30: =IF((P30-E30)>2,"NOT SUPPORTED WITHIN 2DAYS","SUPPORTED WITHIN 2DAYS") -> NOT SUPPORTED WITHIN 2DAYS | R30: NOT SUPPORTED WITHIN 2DAYS | S30: 4 | T30: GK01190015 | U30: =VLOOKUP(T30,personnel!A$1:B$4,2,FALSE) -> Trinidad, Jan Carlo Aquino | V30: 44141.649
A31: MCC Balasan - Multi | B31: OTHERS | C31: POSTED | D31: GK0120000605 | E31: 44141 | F31: M119 | G31: Create asset transfer and sticker of repaired system unit. | I31: INSTALLATION & CONFIGURATION | J31: SYSTEM UNIT | K31: 0 | M31: Done | O31: Trinidad, Ja | P31: 44144 | Q31: =IF((P31-E31)>2,"NOT SUPPORTED WITHIN 2DAYS","SUPPORTED WITHIN 2DAYS") -> NOT SUPPORTED WITHIN 2DAYS | R31: NOT SUPPORTED WITHIN 2DAYS | S31: 4 | T31: GK01190015 | U31: =VLOOKUP(T31,personnel!A$1:B$4,2,FALSE) -> Trinidad, Jan Carlo Aquino | V31: 44141.656
A32: UEMI Calasiao - Multi | B32: NEW INSTALL | C32: POSTED | D32: GK0120000606 | E32: 44141 | F32: M080 | G32: Create PO of old UPS w/o serial. | I32: INSTALLATION & CONFIGURATION | J32: SYSTEM UNIT | K32: 0 | M32: Done | O32: Trinidad, Ja | P32: 44144 | Q32: =IF((P32-E32)>2,"NOT SUPPORTED WITHIN 2DAYS","SUPPORTED WITHIN 2DAYS") -> NOT SUPPORTED WITHIN 2DAYS | R32: NOT SUPPORTED WITHIN 2DAYS | S32: 3 | T32: GK01190015 | U32: =VLOOKUP(T32,personnel!A$1:B$4,2,FALSE) -> Trinidad, Jan Carlo Aquino | V32: 44141.662
A33: UEMI Calasiao - Multi | B33: OTHERS | C33: POSTED | D33: GK0120000607 | E33: 44141 | F33: M080 | G33: Create asset transfer of repaired old system unit. | I33: INSTALLATION & CONFIGURATION | J33: SYSTEM UNIT | K33: 0 | M33: Done | O33: Trinidad, Ja | P33: 44144 | Q33: =IF((P33-E33)>2,"NOT SUPPORTED WITHIN 2DAYS","SUPPORTED WITHIN 2DAYS") -> NOT SUPPORTED WITHIN 2DAYS | R33: NOT SUPPORTED WITHIN 2DAYS | S33: 4 | T33: GK01190015 | U33: =VLOOKUP(T33,personnel!A$1:B$4,2,FALSE) -> Trinidad, Jan Carlo Aquino | V33: 44141.662
A34: Guan Kai Office | B34: OTHERS | C34: POSTED | D34: GK0120000608 | E34: 44144 | F34: GK01 | G34: Create PO and sticker of 2 new Asus charger. | I34: INSTALLATION & CONFIGURATION | J34: SYSTEM UNIT | K34: 0 | M34: Done | N34: M00113001232 | O34: Trinidad, Ja | P34: 44144 | Q34: =IF((P34-E34)>2,"NOT SUPPORTED WITHIN 2DAYS","SUPPORTED WITHIN 2DAYS") -> SUPPORTED WITHIN 2DAYS | R34: SUPPORTED WITHIN 2DAYS | S34: 4 | T34: GK01190015 | U34: =VLOOKUP(T34,personnel!A$1:B$4,2,FALSE) -> Trinidad, Jan Carlo Aquino | V34: 44144.362
A35: Guan Kai Office | B35: OTHERS | C35: POSTED | D35: GK0120000609 | E35: 44144 | F35: GK01 | G35: Create PO and sticker of 10 new HDD. | I35: Others | J35: Others | K35: 0 | M35: Done | N35: M00113001232 | O35: Trinidad, Ja | P35: 44154 | Q35: =IF((P35-E35)>2,"NOT SUPPORTED WITHIN 2DAYS","SUPPORTED WITHIN 2DAYS") -> NOT SUPPORTED WITHIN 2DAYS | R35: NOT SUPPORTED WITHIN 2DAYS | S35: 4 | T35: GK01190015 | U35: =VLOOKUP(T35,personnel!A$1:B$4,2,FALSE) -> Trinidad, Jan Carlo Aquino | V35: 44144.363
A36: Guanzon Corporate Center | B36: REPAIRED | C36: POSTED | D36: GK0120000610 | E36: 44142 | F36: GCC1 | G36: install altertv Tools of teamviewer of ma'am airah of audit. | H36: walang Altertool kaya hindi maka connect mga support sa PC ni mam Airah. | I36: INSTALLATION & CONFIGURATION | J36: SYSTEM UNIT | K36: 0 | M36: Done | N36: M01911000061 | O36: Trinidad, Ja | P36: 44144 | Q36: =IF((P36-E36)>2,"NOT SUPPORTED WITHIN 2DAYS","SUPPORTED WITHIN 2DAYS") -> SUPPORTED WITHIN 2DAYS | R36: SUPPORTED WITHIN 2DAYS | S36: 0 | T36: GK01190015 | U36: =VLOOKUP(T36,personnel!A$1:B$4,2,FALSE) -> Trinidad, Jan Carlo Aquino | V36: 44144.372
A37: Guanzon Corporate Center | B37: NEW INSTALL | C37: POSTED | D37: GK0120000611 | E37: 44142 | F37: GCC1 | G37: install OS and softwares of PC 1 at Washington Warehouse. | I37: INSTALLATION & CONFIGURATION | J37: SYSTEM UNIT | K37: 0 | M37: Done | N37: M00110017110 | O37: Trinidad, Ja | P37: 44144 | Q37: =IF((P37-E37)>2,"NOT SUPPORTED WITHIN 2DAYS","SUPPORTED WITHIN 2DAYS") -> SUPPORTED WITHIN 2DAYS | R37: SUPPORTED WITHIN 2DAYS | S37: 3 | T37: GK01190015 | U37: =VLOOKUP(T37,personnel!A$1:B$4,2,FALSE) -> Trinidad, Jan Carlo Aquino | V37: 44144.373
A38: Guanzon Corporate Center | B38: NEW INSTALL | C38: POSTED | D38: GK0120000612 | E38: 44142 | F38: GCC1 | G38: install OS and softwares of PC 2 at Washington Warehouse. | I38: INSTALLATION & CONFIGURATION | J38: SYSTEM UNIT | K38: 0 | M38: Done | N38: M00110017110 | O38: Trinidad, Ja | P38: 44144 | Q38: =IF((P38-E38)>2,"NOT SUPPORTED WITHIN 2DAYS","SUPPORTED WITHIN 2DAYS") -> SUPPORTED WITHIN 2DAYS | R38: SUPPORTED WITHIN 2DAYS | S38: 3 | T38: GK01190015 | U38: =VLOOKUP(T38,personnel!A$1:B$4,2,FALSE) -> Trinidad, Jan Carlo Aquino | V38: 44144.373
A39: Guanzon Corporate Center | B39: NEW INSTALL | C39: POSTED | D39: GK0120000613 | E39: 44142 | F39: GCC1 | G39: Install OS and softwares of PC 3 for stocks. | I39: INSTALLATION & CONFIGURATION | J39: SYSTEM UNIT | K39: 0 | M39: Done | N39: M00110017110 | O39: Trinidad, Ja | P39: 44144 | Q39: =IF((P39-E39)>2,"NOT SUPPORTED WITHIN 2DAYS","SUPPORTED WITHIN 2DAYS") -> SUPPORTED WITHIN 2DAYS | R39: SUPPORTED WITHIN 2DAYS | S39: 3 | T39: GK01190015 | U39: =VLOOKUP(T39,personnel!A$1:B$4,2,FALSE) -> Trinidad, Jan Carlo Aquino | V39: 44144.382
A40: Guanzon Corporate Center | B40: NEW INSTALL | C40: POSTED | D40: GK0120000614 | E40: 44142 | F40: GCC1 | G40: Install OS and softwares of pc 4 at Washington Warehouse. | I40: INSTALLATION & CONFIGURATION | J40: SYSTEM UNIT | K40: 0 | M40: Done | N40: M00110017110 | O40: Trinidad, Ja | P40: 44144 | Q40: =IF((P40-E40)>2,"NOT SUPPORTED WITHIN 2DAYS","SUPPORTED WITHIN 2DAYS") -> SUPPORTED WITHIN 2DAYS | R40: SUPPORTED WITHIN 2DAYS | S40: 3 | T40: GK01190015 | U40: =VLOOKUP(T40,personnel!A$1:B$4,2,FALSE) -> Trinidad, Jan Carlo Aquino | V40: 44144.383
A41: Guanzon Corporate Center | B41: NEW INSTALL | C41: POSTED | D41: GK0120000615 | E41: 44142 | F41: GCC1 | G41: Install OS and softwares of PC 5 at Washington Warehouse. | I41: INSTALLATION & CONFIGURATION | J41: SYSTEM UNIT | K41: 0 | M41: Done | N41: M00110017110 | O41: Trinidad, Ja | P41: 44144 | Q41: =IF((P41-E41)>2,"NOT SUPPORTED WITHIN 2DAYS","SUPPORTED WITHIN 2DAYS") -> SUPPORTED WITHIN 2DAYS | R41: SUPPORTED WITHIN 2DAYS | S41: 3 | T41: GK01190015 | U41: =VLOOKUP(T41,personnel!A$1:B$4,2,FALSE) -> Trinidad, Jan Carlo Aquino | V41: 44144.384
A42: Guanzon Corporate Center | B42: NEW INSTALL | C42: POSTED | D42: GK0120000616 | E42: 44142 | F42: GCC1 | G42: Install OS and softwares of PC 6 at Washington warehouse. | I42: INSTALLATION & CONFIGURATION | J42: SYSTEM UNIT | K42: 0 | M42: Done | N42: M00110017110 | O42: Trinidad, Ja | P42: 44144 | Q42: =IF((P42-E42)>2,"NOT SUPPORTED WITHIN 2DAYS","SUPPORTED WITHIN 2DAYS") -> SUPPORTED WITHIN 2DAYS | R42: SUPPORTED WITHIN 2DAYS | S42: 3 | T42: GK01190015 | U42: =VLOOKUP(T42,personnel!A$1:B$4,2,FALSE) -> Trinidad, Jan Carlo Aquino | V42: 44144.384
A43: Guanzon Corporate Center | B43: NEW INSTALL | C43: POSTED | D43: GK0120000617 | E43: 44142 | F43: GCC1 | G43: Install OS and softwares of PC 7 at Washington warehouse. | I43: INSTALLATION & CONFIGURATION | J43: SYSTEM UNIT | K43: 0 | M43: Done | N43: M00110017110 | O43: Trinidad, Ja | P43: 44144 | Q43: =IF((P43-E43)>2,"NOT SUPPORTED WITHIN 2DAYS","SUPPORTED WITHIN 2DAYS") -> SUPPORTED WITHIN 2DAYS | R43: SUPPORTED WITHIN 2DAYS | S43: 3 | T43: GK01190015 | U43: =VLOOKUP(T43,personnel!A$1:B$4,2,FALSE) -> Trinidad, Jan Carlo Aquino | V43: 44144.384
A44: Guanzon Corporate Center | B44: OTHERS | C44: POSTED | D44: GK0120000618 | E44: 44145 | F44: GCC1 | G44: lagyan ng stickers mga 4 keyboard at 4 mouse para sa collection. | I44: Others | J44: Others | K44: 0 | M44: Done | O44: Trinidad, Ja | P44: 44154 | Q44: =IF((P44-E44)>2,"NOT SUPPORTED WITHIN 2DAYS","SUPPORTED WITHIN 2DAYS") -> NOT SUPPORTED WITHIN 2DAYS | R44: NOT SUPPORTED WITHIN 2DAYS | S44: 4 | T44: GK01190015 | U44: =VLOOKUP(T44,personnel!A$1:B$4,2,FALSE) -> Trinidad, Jan Carlo Aquino | V44: 44145.477
A45: OPPO - Waltermart Gapan | B45: OTHERS | C45: POSTED | D45: GK0120000619 | E45: 44145 | F45: C054 | G45: Create asset transfer of repaired system unit. | I45: Others | J45: Others | K45: 0 | M45: Done | O45: Trinidad, Ja | P45: 44154 | Q45: =IF((P45-E45)>2,"NOT SUPPORTED WITHIN 2DAYS","SUPPORTED WITHIN 2DAYS") -> NOT SUPPORTED WITHIN 2DAYS | R45: NOT SUPPORTED WITHIN 2DAYS | S45: 4 | T45: GK01190015 | U45: =VLOOKUP(T45,personnel!A$1:B$4,2,FALSE) -> Trinidad, Jan Carlo Aquino | V45: 44145.619
A46: MCC Talibon - Multi | B46: REPAIRED | C46: OPEN | D46: GK0120000620 | E46: 44148 | F46: M141 | G46: yung monitor nila may lines and kulay violet po yung kulay nung screen. | I46: REPLACEMENT | J46: OTHER PERIPHERAL DEVICES | K46: 0 | P46: 44148 | Q46: =IF((P46-E46)>2,"NOT SUPPORTED WITHIN 2DAYS","SUPPORTED WITHIN 2DAYS") -> SUPPORTED WITHIN 2DAYS | R46: SUPPORTED WITHIN 2DAYS | S46: 0 | T46: GK01190015 | U46: =VLOOKUP(T46,personnel!A$1:B$4,2,FALSE) -> Trinidad, Jan Carlo Aquino | V46: 44148.378
A47: MCC Baguio - Honda | B47: OTHERS | C47: POSTED | D47: GK0120000621 | E47: 44148 | F47: M015 | G47: Create asset transfer of 1 set of computer with 16 Turret cam. | I47: Others | J47: Others | K47: 0 | M47: Done | O47: Trinidad, Ja | P47: 44154 | Q47: =IF((P47-E47)>2,"NOT SUPPORTED WITHIN 2DAYS","SUPPORTED WITHIN 2DAYS") -> NOT SUPPORTED WITHIN 2DAYS | R47: NOT SUPPORTED WITHIN 2DAYS | S47: 4 | T47: GK01190015 | U47: =VLOOKUP(T47,personnel!A$1:B$4,2,FALSE) -> Trinidad, Jan Carlo Aquino | V47: 44148.386
A48: MCC Baguio - Honda | B48: OTHERS | C48: POSTED | D48: GK0120000622 | E48: 44148 | F48: M015 | G48: Create Sticker of new DVR. | I48: Others | J48: Others | K48: 0 | M48: Done | O48: Trinidad, Ja | P48: 44154 | Q48: =IF((P48-E48)>2,"NOT SUPPORTED WITHIN 2DAYS","SUPPORTED WITHIN 2DAYS") -> NOT SUPPORTED WITHIN 2DAYS | R48: NOT SUPPORTED WITHIN 2DAYS | S48: 4 | T48: GK01190015 | U48: =VLOOKUP(T48,personnel!A$1:B$4,2,FALSE) -> Trinidad, Jan Carlo Aquino | V48: 44148.398
A49: Guan Kai Office | B49: OTHERS | C49: POSTED | D49: GK0120000623 | E49: 44148 | F49: GK01 | G49: Create asset transfer of UEMI mabalacat Pam UPS to Guan kai Support sir Shan's PC. | I49: Others | J49: Others | K49: 0 | M49: Done | O49: Trinidad, Ja | P49: 44154 | Q49: =IF((P49-E49)>2,"NOT SUPPORTED WITHIN 2DAYS","SUPPORTED WITHIN 2DAYS") -> NOT SUPPORTED WITHIN 2DAYS | R49: NOT SUPPORTED WITHIN 2DAYS | S49: 4 | T49: GK01190015 | U49: =VLOOKUP(T49,personnel!A$1:B$4,2,FALSE) -> Trinidad, Jan Carlo Aquino | V49: 44148.399
A50: Pedritos Mangaldan | B50: NEW INSTALL | C50: POSTED | D50: GK0120000624 | E50: 44148 | F50: P004 | G50: Install OS and softwares. | I50: Others | J50: Others | K50: 0 | M50: Done. | N50: M00119002528 | O50: Trinidad, Ja | P50: 44148 | Q50: =IF((P50-E50)>2,"NOT SUPPORTED WITHIN 2DAYS","SUPPORTED WITHIN 2DAYS") -> SUPPORTED WITHIN 2DAYS | R50: SUPPORTED WITHIN 2DAYS | S50: 3 | T50: GK01190015 | U50: =VLOOKUP(T50,personnel!A$1:B$4,2,FALSE) -> Trinidad, Jan Carlo Aquino | V50: 44148.476
A51: Guanzon Corporate Center | B51: OTHERS | C51: POSTED | D51: GK0120000625 | E51: 44148 | F51: GCC1 | G51: Document transfer 2 external to MIS dept. | I51: Others | J51: Others | K51: 0 | M51: Done | O51: Trinidad, Ja | P51: 44154 | Q51: =IF((P51-E51)>2,"NOT SUPPORTED WITHIN 2DAYS","SUPPORTED WITHIN 2DAYS") -> NOT SUPPORTED WITHIN 2DAYS | R51: NOT SUPPORTED WITHIN 2DAYS | S51: 4 | T51: GK01190015 | U51: =VLOOKUP(T51,personnel!A$1:B$4,2,FALSE) -> Trinidad, Jan Carlo Aquino | V51: 44148.56
A52: MCC Dasol - Multi | B52: OTHERS | C52: POSTED | D52: GK0120000626 | E52: 44148 | F52: M170 | G52: Asset transfer new system unit. | I52: Others | J52: Others | K52: 0 | M52: Done | O52: Trinidad, Ja | P52: 44154 | Q52: =IF((P52-E52)>2,"NOT SUPPORTED WITHIN 2DAYS","SUPPORTED WITHIN 2DAYS") -> NOT SUPPORTED WITHIN 2DAYS | R52: NOT SUPPORTED WITHIN 2DAYS | S52: 4 | T52: GK01190015 | U52: =VLOOKUP(T52,personnel!A$1:B$4,2,FALSE) -> Trinidad, Jan Carlo Aquino | V52: 44148.638
A53: Guanzon Corporate Center | B53: OTHERS | C53: POSTED | D53: GK0120000627 | E53: 44148 | F53: GCC1 | G53: Create asset transfer of repaired laptop for DRS dept. | I53: Others | J53: Others | K53: 0 | M53: Done | O53: Trinidad, Ja | P53: 44148 | Q53: =IF((P53-E53)>2,"NOT SUPPORTED WITHIN 2DAYS","SUPPORTED WITHIN 2DAYS") -> SUPPORTED WITHIN 2DAYS | R53: SUPPORTED WITHIN 2DAYS | S53: 4 | T53: GK01190015 | U53: =VLOOKUP(T53,personnel!A$1:B$4,2,FALSE) -> Trinidad, Jan Carlo Aquino | V53: 44148.679
A54: Guanzon Manila Office | B54: NEW INSTALL | C54: POSTED | D54: GK0120000628 | E54: 44148 | F54: GMO1 | G54: Asset transfer 2 system unit for MIS c/o sir Xavier Mas. | I54: Others | J54: Others | K54: 0 | M54: DOne | O54: Trinidad, Ja | P54: 44148 | Q54: =IF((P54-E54)>2,"NOT SUPPORTED WITHIN 2DAYS","SUPPORTED WITHIN 2DAYS") -> SUPPORTED WITHIN 2DAYS | R54: SUPPORTED WITHIN 2DAYS | S54: 3 | T54: GK01190015 | U54: =VLOOKUP(T54,personnel!A$1:B$4,2,FALSE) -> Trinidad, Jan Carlo Aquino | V54: 44148.692
A55: MCC Bolinao - Honda | B55: OTHERS | C55: POSTED | D55: GK0120000629 | E55: 44148 | F55: M120 | G55: Create Asset transfer and sticker of repaired old system unit. | I55: Others | J55: Others | K55: 0 | M55: Done | O55: Trinidad, Ja | P55: 44154 | Q55: =IF((P55-E55)>2,"NOT SUPPORTED WITHIN 2DAYS","SUPPORTED WITHIN 2DAYS") -> NOT SUPPORTED WITHIN 2DAYS | R55: NOT SUPPORTED WITHIN 2DAYS | S55: 4 | T55: GK01190015 | U55: =VLOOKUP(T55,personnel!A$1:B$4,2,FALSE) -> Trinidad, Jan Carlo Aquino | V55: 44148.701
A56: Guanzon Corporate Center | B56: NEW INSTALL | C56: POSTED | D56: GK0120000630 | E56: 44149 | F56: GCC1 | G56: Install softwares for CSS dept. | I56: Others | J56: Others | K56: 0 | M56: Done | O56: Trinidad, Ja | P56: 44154 | Q56: =IF((P56-E56)>2,"NOT SUPPORTED WITHIN 2DAYS","SUPPORTED WITHIN 2DAYS") -> NOT SUPPORTED WITHIN 2DAYS | R56: NOT SUPPORTED WITHIN 2DAYS | S56: 3 | T56: GK01190015 | U56: =VLOOKUP(T56,personnel!A$1:B$4,2,FALSE) -> Trinidad, Jan Carlo Aquino | V56: 44149.361
A57: Guan Kai Office | B57: OTHERS | C57: POSTED | D57: GK0120000631 | E57: 44149 | F57: GK01 | G57: Create Asset transfer and stickers of 1 set computer for new support 1. | I57: Others | J57: Others | K57: 0 | M57: Done | O57: Trinidad, Ja | P57: 44154 | Q57: =IF((P57-E57)>2,"NOT SUPPORTED WITHIN 2DAYS","SUPPORTED WITHIN 2DAYS") -> NOT SUPPORTED WITHIN 2DAYS | R57: NOT SUPPORTED WITHIN 2DAYS | S57: 4 | T57: GK01190015 | U57: =VLOOKUP(T57,personnel!A$1:B$4,2,FALSE) -> Trinidad, Jan Carlo Aquino | V57: 44149.393
A58: Guan Kai Office | B58: OTHERS | C58: POSTED | D58: GK0120000632 | E58: 44149 | F58: GK01 | G58: Create Asset transfer and stickers of 1 set computer for new support 2. | I58: Others | J58: Others | K58: 0 | M58: Done | O58: Trinidad, Ja | P58: 44154 | Q58: =IF((P58-E58)>2,"NOT SUPPORTED WITHIN 2DAYS","SUPPORTED WITHIN 2DAYS") -> NOT SUPPORTED WITHIN 2DAYS | R58: NOT SUPPORTED WITHIN 2DAYS | S58: 4 | T58: GK01190015 | U58: =VLOOKUP(T58,personnel!A$1:B$4,2,FALSE) -> Trinidad, Jan Carlo Aquino | V58: 44149.393
A59: Guanzon Central Office | B59: OTHERS | C59: POSTED | D59: GK0120000633 | E59: 44149 | F59: GCO1 | G59: Document transfer Orig. HP Ink. For MP Executive C/o Ma'am Mylene Lo. | I59: Others | J59: Others | K59: 0 | M59: Done | O59: Trinidad, Ja | P59: 44154 | Q59: =IF((P59-E59)>2,"NOT SUPPORTED WITHIN 2DAYS","SUPPORTED WITHIN 2DAYS") -> NOT SUPPORTED WITHIN 2DAYS | R59: NOT SUPPORTED WITHIN 2DAYS | S59: 4 | T59: GK01190015 | U59: =VLOOKUP(T59,personnel!A$1:B$4,2,FALSE) -> Trinidad, Jan Carlo Aquino | V59: 44149.452
A60: Pedritos Mangaldan | B60: OTHERS | C60: POSTED | D60: GK0120000634 | E60: 44149 | F60: P004 | G60: Create Asset transfer of new system unit. | I60: Others | J60: Others | K60: 0 | M60: Done | O60: Trinidad, Ja | P60: 44154 | Q60: =IF((P60-E60)>2,"NOT SUPPORTED WITHIN 2DAYS","SUPPORTED WITHIN 2DAYS") -> NOT SUPPORTED WITHIN 2DAYS | R60: NOT SUPPORTED WITHIN 2DAYS | S60: 4 | T60: GK01190015 | U60: =VLOOKUP(T60,personnel!A$1:B$4,2,FALSE) -> Trinidad, Jan Carlo Aquino | V60: 44149.551
A61: LGK Candon - Honda | B61: OTHERS | C61: POSTED | D61: GK0120000635 | E61: 44149 | F61: M008 | G61: Document transfer 4 simcards for GPS. | I61: Others | J61: Others | K61: 0 | M61: Done | N61: M00117001838 | O61: Trinidad, Ja | P61: 44154 | Q61: =IF((P61-E61)>2,"NOT SUPPORTED WITHIN 2DAYS","SUPPORTED WITHIN 2DAYS") -> NOT SUPPORTED WITHIN 2DAYS | R61: NOT SUPPORTED WITHIN 2DAYS | S61: 4 | T61: GK01190015 | U61: =VLOOKUP(T61,personnel!A$1:B$4,2,FALSE) -> Trinidad, Jan Carlo Aquino | V61: 44149.587
A62: Guan Kai Office | B62: REPAIRED | C62: POSTED | D62: GK0120000636 | E62: 44151 | F62: GK01 | G62: walang internet connection si sir Rowel ng Support team. | I62: Others | J62: Others | K62: 0 | M62: Done | N62: M00119001680 | O62: Trinidad, Ja | P62: 44154 | Q62: =IF((P62-E62)>2,"NOT SUPPORTED WITHIN 2DAYS","SUPPORTED WITHIN 2DAYS") -> NOT SUPPORTED WITHIN 2DAYS | R62: NOT SUPPORTED WITHIN 2DAYS | S62: 0 | T62: GK01190015 | U62: =VLOOKUP(T62,personnel!A$1:B$4,2,FALSE) -> Trinidad, Jan Carlo Aquino | V62: 44151.369
A63: UEMI San Fabian - Yamaha | B63: OTHERS | C63: POSTED | D63: GK0120000637 | E63: 44151 | F63: M174 | G63: Document transfer USB cable for printer. | I63: Others | J63: Others | K63: 0 | M63: Done | O63: Trinidad, Ja | P63: 44154 | Q63: =IF((P63-E63)>2,"NOT SUPPORTED WITHIN 2DAYS","SUPPORTED WITHIN 2DAYS") -> NOT SUPPORTED WITHIN 2DAYS | R63: NOT SUPPORTED WITHIN 2DAYS | S63: 4 | T63: GK01190015 | U63: =VLOOKUP(T63,personnel!A$1:B$4,2,FALSE) -> Trinidad, Jan Carlo Aquino | V63: 44151.391
A64: Guan Kai Office | B64: REPAIRED | C64: POSTED | D64: GK0120000638 | E64: 44151 | F64: GK01 | G64: namamatay matay yung CPU. | H64: palitan ng CMOS battery. system unit ng multimedia. | I64: REPAIR | J64: SYSTEM UNIT | K64: 0 | M64: Done | O64: Trinidad, Ja | P64: 44151 | Q64: =IF((P64-E64)>2,"NOT SUPPORTED WITHIN 2DAYS","SUPPORTED WITHIN 2DAYS") -> SUPPORTED WITHIN 2DAYS | R64: SUPPORTED WITHIN 2DAYS | S64: 0 | T64: GK01190015 | U64: =VLOOKUP(T64,personnel!A$1:B$4,2,FALSE) -> Trinidad, Jan Carlo Aquino | V64: 44151.472
A65: MCC Baguio - Honda | B65: OTHERS | C65: POSTED | D65: GK0120000639 | E65: 44151 | F65: M015 | G65: lagyan lahat ng stickers yung 3 sets na computer. | I65: Others | J65: Others | K65: 0 | M65: Done | O65: Trinidad, Ja | P65: 44154 | Q65: =IF((P65-E65)>2,"NOT SUPPORTED WITHIN 2DAYS","SUPPORTED WITHIN 2DAYS") -> NOT SUPPORTED WITHIN 2DAYS | R65: NOT SUPPORTED WITHIN 2DAYS | S65: 4 | T65: GK01190015 | U65: =VLOOKUP(T65,personnel!A$1:B$4,2,FALSE) -> Trinidad, Jan Carlo Aquino | V65: 44151.478
A66: MCC Baguio - Honda | B66: OTHERS | C66: POSTED | D66: GK0120000640 | E66: 44151 | F66: M015 | G66: Create asset transfer 3 sets of computer. | I66: Others | J66: Others | K66: 0 | M66: Done | O66: Trinidad, Ja | P66: 44154 | Q66: =IF((P66-E66)>2,"NOT SUPPORTED WITHIN 2DAYS","SUPPORTED WITHIN 2DAYS") -> NOT SUPPORTED WITHIN 2DAYS | R66: NOT SUPPORTED WITHIN 2DAYS | S66: 4 | T66: GK01190015 | U66: =VLOOKUP(T66,personnel!A$1:B$4,2,FALSE) -> Trinidad, Jan Carlo Aquino | V66: 44151.478
A67: Guanzon Central Office | B67: OTHERS | C67: POSTED | D67: GK0120000641 | E67: 44151 | F67: GCO1 | G67: Asset transfer repaired printer to engineering services. | I67: Others | J67: Others | K67: 0 | M67: Done | O67: Trinidad, Ja | P67: 44154 | Q67: =IF((P67-E67)>2,"NOT SUPPORTED WITHIN 2DAYS","SUPPORTED WITHIN 2DAYS") -> NOT SUPPORTED WITHIN 2DAYS | R67: NOT SUPPORTED WITHIN 2DAYS | S67: 4 | T67: GK01190015 | U67: =VLOOKUP(T67,personnel!A$1:B$4,2,FALSE) -> Trinidad, Jan Carlo Aquino | V67: 44151.614
A68: Guanzon Corporate Center | B68: OTHERS | C68: POSTED | D68: GK0120000642 | E68: 44151 | F68: GCC1 | G68: Asset transfer repaired printer to Compliance Management. | I68: Others | J68: Others | K68: 0 | M68: Done | O68: Trinidad, Ja | P68: 44154 | Q68: =IF((P68-E68)>2,"NOT SUPPORTED WITHIN 2DAYS","SUPPORTED WITHIN 2DAYS") -> NOT SUPPORTED WITHIN 2DAYS | R68: NOT SUPPORTED WITHIN 2DAYS | S68: 4 | T68: GK01190015 | U68: =VLOOKUP(T68,personnel!A$1:B$4,2,FALSE) -> Trinidad, Jan Carlo Aquino | V68: 44151.615
A69: Guanzon Corporate Center | B69: OTHERS | C69: POSTED | D69: GK0120000643 | E69: 44151 | F69: GCC1 | G69: Create new sticker for pc 1. | I69: Others | J69: Others | K69: 0 | M69: Done | O69: Trinidad, Ja | P69: 44154 | Q69: =IF((P69-E69)>2,"NOT SUPPORTED WITHIN 2DAYS","SUPPORTED WITHIN 2DAYS") -> NOT SUPPORTED WITHIN 2DAYS | R69: NOT SUPPORTED WITHIN 2DAYS | S69: 4 | T69: GK01190015 | U69: =VLOOKUP(T69,personnel!A$1:B$4,2,FALSE) -> Trinidad, Jan Carlo Aquino | V69: 44151.668
A70: Guanzon Corporate Center | B70: OTHERS | C70: POSTED | D70: GK0120000644 | E70: 44151 | F70: GCC1 | G70: Create new sticker for pc 2. | I70: Others | J70: Others | K70: 0 | M70: Done | O70: Trinidad, Ja | P70: 44154 | Q70: =IF((P70-E70)>2,"NOT SUPPORTED WITHIN 2DAYS","SUPPORTED WITHIN 2DAYS") -> NOT SUPPORTED WITHIN 2DAYS | R70: NOT SUPPORTED WITHIN 2DAYS | S70: 4 | T70: GK01190015 | U70: =VLOOKUP(T70,personnel!A$1:B$4,2,FALSE) -> Trinidad, Jan Carlo Aquino | V70: 44151.668
A71: Guanzon Corporate Center | B71: OTHERS | C71: POSTED | D71: GK0120000645 | E71: 44151 | F71: GCC1 | G71: Create new sticker for pc 3. | I71: Others | J71: Others | K71: 0 | M71: Done | O71: Trinidad, Ja | P71: 44154 | Q71: =IF((P71-E71)>2,"NOT SUPPORTED WITHIN 2DAYS","SUPPORTED WITHIN 2DAYS") -> NOT SUPPORTED WITHIN 2DAYS | R71: NOT SUPPORTED WITHIN 2DAYS | S71: 4 | T71: GK01190015 | U71: =VLOOKUP(T71,personnel!A$1:B$4,2,FALSE) -> Trinidad, Jan Carlo Aquino | V71: 44151.668
A72: Guanzon Corporate Center | B72: OTHERS | C72: POSTED | D72: GK0120000646 | E72: 44151 | F72: GCC1 | G72: Create new sticker for pc 4. | I72: Others | J72: Others | K72: 0 | M72: Done | O72: Trinidad, Ja | P72: 44154 | Q72: =IF((P72-E72)>2,"NOT SUPPORTED WITHIN 2DAYS","SUPPORTED WITHIN 2DAYS") -> NOT SUPPORTED WITHIN 2DAYS | R72: NOT SUPPORTED WITHIN 2DAYS | S72: 4 | T72: GK01190015 | U72: =VLOOKUP(T72,personnel!A$1:B$4,2,FALSE) -> Trinidad, Jan Carlo Aquino | V72: 44151.668
A73: GMC Agoo - Honda | B73: REPAIRED | C73: POSTED | D73: GK0120000647 | E73: 44152 | F73: M023 | G73: offline printer LX310 | H73: done | I73: INSTALLATION & CONFIGURATION | J73: SYSTEM UNIT | K73: 0 | M73: done | O73: Macarling, F | P73: 44166 | Q73: =IF((P73-E73)>2,"NOT SUPPORTED WITHIN 2DAYS","SUPPORTED WITHIN 2DAYS") -> NOT SUPPORTED WITHIN 2DAYS | R73: NOT SUPPORTED WITHIN 2DAYS | S73: 0 | T73: M001170038 | U73: =VLOOKUP(T73,personnel!A$1:B$4,2,FALSE) -> Macarling, Federico Jr Romano | V73: 44152.374
A74: UEMI Cabagan - YAMAHA | B74: OTHERS | C74: POSTED | D74: GK0120000648 | E74: 44153 | F74: M125 | G74: Create asset transfer of repaired old system unit. | I74: Others | J74: Others | K74: 0 | M74: Done | O74: Trinidad, Ja | P74: 44154 | Q74: =IF((P74-E74)>2,"NOT SUPPORTED WITHIN 2DAYS","SUPPORTED WITHIN 2DAYS") -> SUPPORTED WITHIN 2DAYS | R74: SUPPORTED WITHIN 2DAYS | S74: 4 | T74: GK01190015 | U74: =VLOOKUP(T74,personnel!A$1:B$4,2,FALSE) -> Trinidad, Jan Carlo Aquino | V74: 44153.465
A75: UEMI San Nicolas - Yamaha | B75: OTHERS | C75: POSTED | D75: GK0120000649 | E75: 44153 | F75: M144 | G75: Asset transfer replacement of system unit. | I75: Others | J75: Others | K75: 0 | M75: Done | O75: Trinidad, Ja | P75: 44154 | Q75: =IF((P75-E75)>2,"NOT SUPPORTED WITHIN 2DAYS","SUPPORTED WITHIN 2DAYS") -> SUPPORTED WITHIN 2DAYS | R75: SUPPORTED WITHIN 2DAYS | S75: 4 | T75: GK01190015 | U75: =VLOOKUP(T75,personnel!A$1:B$4,2,FALSE) -> Trinidad, Jan Carlo Aquino | V75: 44153.561
A76: Guanzon Corporate Center | B76: OTHERS | C76: POSTED | D76: GK0120000650 | E76: 44153 | F76: GCC1 | G76: Create asset transfer and PO of router for Pre owned management. | I76: Others | J76: Others | K76: 0 | M76: Done | O76: Trinidad, Ja | P76: 44154 | Q76: =IF((P76-E76)>2,"NOT SUPPORTED WITHIN 2DAYS","SUPPORTED WITHIN 2DAYS") -> SUPPORTED WITHIN 2DAYS | R76: SUPPORTED WITHIN 2DAYS | S76: 4 | T76: GK01190015 | U76: =VLOOKUP(T76,personnel!A$1:B$4,2,FALSE) -> Trinidad, Jan Carlo Aquino | V76: 44153.561
A77: Guanzon Corporate Center | B77: OTHERS | C77: POSTED | D77: GK0120000651 | E77: 44153 | F77: GCC1 | G77: Asset transfer 4 sets of computer to CSS. | I77: Others | J77: Others | K77: 0 | M77: Done | O77: Trinidad, Ja | P77: 44154 | Q77: =IF((P77-E77)>2,"NOT SUPPORTED WITHIN 2DAYS","SUPPORTED WITHIN 2DAYS") -> SUPPORTED WITHIN 2DAYS | R77: SUPPORTED WITHIN 2DAYS | S77: 4 | T77: GK01190015 | U77: =VLOOKUP(T77,personnel!A$1:B$4,2,FALSE) -> Trinidad, Jan Carlo Aquino | V77: 44153.604
A78: Guanzon Central Office | B78: OTHERS | C78: POSTED | D78: GK0120000652 | E78: 44153 | F78: GCO1 | G78: Asset transfer External to MIS dept. | I78: Others | J78: Others | K78: 0 | M78: Done | N78: M00113001338 | O78: Trinidad, Ja | P78: 44154 | Q78: =IF((P78-E78)>2,"NOT SUPPORTED WITHIN 2DAYS","SUPPORTED WITHIN 2DAYS") -> SUPPORTED WITHIN 2DAYS | R78: SUPPORTED WITHIN 2DAYS | S78: 4 | T78: GK01190015 | U78: =VLOOKUP(T78,personnel!A$1:B$4,2,FALSE) -> Trinidad, Jan Carlo Aquino | V78: 44153.604
A79: Guanzon Corporate Center | B79: OTHERS | C79: POSTED | D79: GK0120000653 | E79: 44153 | F79: GCC1 | G79: Create asset transfer of repaired laptop to Audit. | I79: Others | J79: Others | K79: 0 | M79: Done | N79: M00113001338 | O79: Trinidad, Ja | P79: 44154 | Q79: =IF((P79-E79)>2,"NOT SUPPORTED WITHIN 2DAYS","SUPPORTED WITHIN 2DAYS") -> SUPPORTED WITHIN 2DAYS | R79: SUPPORTED WITHIN 2DAYS | S79: 4 | T79: GK01190015 | U79: =VLOOKUP(T79,personnel!A$1:B$4,2,FALSE) -> Trinidad, Jan Carlo Aquino | V79: 44153.647
A80: Guanzon Corporate Center | B80: OTHERS | C80: POSTED | D80: GK0120000654 | E80: 44153 | F80: GCC1 | G80: Create sticker of old repaired laptop. hindi na mabasa yung serial. | I80: Others | J80: Others | K80: 0 | M80: Done | N80: M00113001338 | O80: Trinidad, Ja | P80: 44154 | Q80: =IF((P80-E80)>2,"NOT SUPPORTED WITHIN 2DAYS","SUPPORTED WITHIN 2DAYS") -> SUPPORTED WITHIN 2DAYS | R80: SUPPORTED WITHIN 2DAYS | S80: 4 | T80: GK01190015 | U80: =VLOOKUP(T80,personnel!A$1:B$4,2,FALSE) -> Trinidad, Jan Carlo Aquino | V80: 44153.666
A81: LGK Dagupan - Multi | B81: OTHERS | C81: POSTED | D81: GK0120000655 | E81: 44153 | F81: M002 | G81: Create Asset transfer of repaired old system unit. | I81: Others | J81: Others | K81: 0 | M81: Done | N81: M00113001338 | O81: Trinidad, Ja | P81: 44154 | Q81: =IF((P81-E81)>2,"NOT SUPPORTED WITHIN 2DAYS","SUPPORTED WITHIN 2DAYS") -> SUPPORTED WITHIN 2DAYS | R81: SUPPORTED WITHIN 2DAYS | S81: 4 | T81: GK01190015 | U81: =VLOOKUP(T81,personnel!A$1:B$4,2,FALSE) -> Trinidad, Jan Carlo Aquino | V81: 44153.67
A82: UEMI San Fabian - Yamaha | B82: REPAIRED | C82: OPEN | D82: GK0120000656 | E82: 44149 | F82: M174 | G82: to intall cctv | H82: no cctv installed allready | I82: INSTALLATION & CONFIGURATION | J82: CCTV | K82: 0 | M82: ok na...................... | O82: Cuison, Bern | P82: 44154 | Q82: =IF((P82-E82)>2,"NOT SUPPORTED WITHIN 2DAYS","SUPPORTED WITHIN 2DAYS") -> NOT SUPPORTED WITHIN 2DAYS | R82: NOT SUPPORTED WITHIN 2DAYS | S82: 0 | T82: GK01190010 | U82: =VLOOKUP(T82,personnel!A$1:B$4,2,FALSE) -> Cuison, Bernard Ramos | V82: 44154.371
A83: UEMI San Fabian - Yamaha | B83: REPAIRED | C83: OPEN | D83: GK0120000657 | E83: 44136 | F83: M174 | G83: to install cctv | I83: INSTALLATION & CONFIGURATION | J83: CCTV | K83: 0 | P83: 44154 | Q83: =IF((P83-E83)>2,"NOT SUPPORTED WITHIN 2DAYS","SUPPORTED WITHIN 2DAYS") -> NOT SUPPORTED WITHIN 2DAYS | R83: NOT SUPPORTED WITHIN 2DAYS | S83: 0 | T83: GK01190010 | U83: =VLOOKUP(T83,personnel!A$1:B$4,2,FALSE) -> Cuison, Bernard Ramos | V83: 44154.374
A84: UEMI San Fabian - Yamaha | B84: REPAIRED | C84: OPEN | D84: GK0120000658 | E84: 44149 | F84: M174 | G84: to install cctv | I84: INSTALLATION & CONFIGURATION | J84: CCTV | K84: 0 | P84: 44154 | Q84: =IF((P84-E84)>2,"NOT SUPPORTED WITHIN 2DAYS","SUPPORTED WITHIN 2DAYS") -> NOT SUPPORTED WITHIN 2DAYS | R84: NOT SUPPORTED WITHIN 2DAYS | S84: 0 | T84: GK01190010 | U84: =VLOOKUP(T84,personnel!A$1:B$4,2,FALSE) -> Cuison, Bernard Ramos | V84: 44154.375
A85: GCO - MP Warehouse | B85: REPAIRED | C85: OPEN | D85: GK0120000659 | E85: 44153 | F85: C0W1 | G85: replaced not clear cctv cam | I85: REPLACEMENT | J85: CCTV | K85: 0 | P85: 44154 | Q85: =IF((P85-E85)>2,"NOT SUPPORTED WITHIN 2DAYS","SUPPORTED WITHIN 2DAYS") -> SUPPORTED WITHIN 2DAYS | R85: SUPPORTED WITHIN 2DAYS | S85: 0 | T85: GK01190010 | U85: =VLOOKUP(T85,personnel!A$1:B$4,2,FALSE) -> Cuison, Bernard Ramos | V85: 44154.382
A86: UEMI San Fernando LUN - Yamaha | B86: REPAIRED | C86: POSTED | D86: GK0120000660 | E86: 44154 | F86: M096 | G86: For diagnos. | I86: SUPPORT ASSISTANCE(ACCESS, CALLS..) | J86: TECHNICAL SUPPORT | K86: 0 | M86: dONE | O86: Trinidad, Ja | P86: 44158 | Q86: =IF((P86-E86)>2,"NOT SUPPORTED WITHIN 2DAYS","SUPPORTED WITHIN 2DAYS") -> NOT SUPPORTED WITHIN 2DAYS | R86: NOT SUPPORTED WITHIN 2DAYS | S86: 0 | T86: GK01190015 | U86: =VLOOKUP(T86,personnel!A$1:B$4,2,FALSE) -> Trinidad, Jan Carlo Aquino | V86: 44154.389
A87: MCC Mabalacat - Multi | B87: REPAIRED | C87: POSTED | D87: GK0120000661 | E87: 44154 | F87: M134 | G87: Virus infected server system unit. | H87: Repaired. back up files and reformat. | I87: SUPPORT ASSISTANCE(ACCESS, CALLS..) | J87: OTHER PERIPHERAL DEVICES | K87: 0 | M87: Done. | O87: Trinidad, Ja | P87: 44155 | Q87: =IF((P87-E87)>2,"NOT SUPPORTED WITHIN 2DAYS","SUPPORTED WITHIN 2DAYS") -> SUPPORTED WITHIN 2DAYS | R87: SUPPORTED WITHIN 2DAYS | S87: 0 | T87: GK01190015 | U87: =VLOOKUP(T87,personnel!A$1:B$4,2,FALSE) -> Trinidad, Jan Carlo Aquino | V87: 44154.39
A88: GCO - MP Warehouse | B88: REPAIRED | C88: OPEN | D88: GK0120000662 | E88: 44153 | F88: C0W1 | G88: tto replaced cctv cam not clear | H88: replaced cctv cam | I88: REPLACEMENT | J88: CCTV | K88: 0 | M88: ok na...................... | O88: Cuison, Bern | P88: 44154 | Q88: =IF((P88-E88)>2,"NOT SUPPORTED WITHIN 2DAYS","SUPPORTED WITHIN 2DAYS") -> SUPPORTED WITHIN 2DAYS | R88: SUPPORTED WITHIN 2DAYS | S88: 0 | T88: GK01190010 | U88: =VLOOKUP(T88,personnel!A$1:B$4,2,FALSE) -> Cuison, Bernard Ramos | V88: 44154.392
A89: Guanzon Corporate Center | B89: OTHERS | C89: POSTED | D89: GK0120000663 | E89: 44154 | F89: GCC1 | G89: Document transfer 4 Power cord and 4 VGA cable to Collection dept. | I89: Others | J89: Others | K89: 0 | M89: Done | O89: Trinidad, Ja | P89: 44154 | Q89: =IF((P89-E89)>2,"NOT SUPPORTED WITHIN 2DAYS","SUPPORTED WITHIN 2DAYS") -> SUPPORTED WITHIN 2DAYS | R89: SUPPORTED WITHIN 2DAYS | S89: 4 | T89: GK01190015 | U89: =VLOOKUP(T89,personnel!A$1:B$4,2,FALSE) -> Trinidad, Jan Carlo Aquino | V89: 44154.392
A90: MCC Baguio - Honda | B90: REPAIRED | C90: OPEN | D90: GK0120000664 | E90: 44152 | F90: M015 | G90: cctv installation | H90: to install cctv | I90: INSTALLATION & CONFIGURATION | J90: CCTV | K90: 0 | M90: not yet finish | O90: Cuison, Bern | P90: 44154 | Q90: =IF((P90-E90)>2,"NOT SUPPORTED WITHIN 2DAYS","SUPPORTED WITHIN 2DAYS") -> SUPPORTED WITHIN 2DAYS | R90: SUPPORTED WITHIN 2DAYS | S90: 0 | T90: GK01190010 | U90: =VLOOKUP(T90,personnel!A$1:B$4,2,FALSE) -> Cuison, Bernard Ramos | V90: 44154.395
A91: Guanzon Central Office | B91: OTHERS | C91: POSTED | D91: GK0120000665 | E91: 44154 | F91: GCO1 | G91: Document transfer envelope to sir Rex. | I91: Others | J91: Others | K91: 0 | M91: Done | O91: Trinidad, Ja | P91: 44154 | Q91: =IF((P91-E91)>2,"NOT SUPPORTED WITHIN 2DAYS","SUPPORTED WITHIN 2DAYS") -> SUPPORTED WITHIN 2DAYS | R91: SUPPORTED WITHIN 2DAYS | S91: 4 | T91: GK01190015 | U91: =VLOOKUP(T91,personnel!A$1:B$4,2,FALSE) -> Trinidad, Jan Carlo Aquino | V91: 44154.409
A92: Guan Kai Office | B92: OTHERS | C92: POSTED | D92: GK0120000666 | E92: 44154 | F92: GK01 | G92: create asset transfer of replacement of system unit for CFF. from san nicolas Yamaha system unit | I92: SUPPORT ASSISTANCE(ACCESS, CALLS..) | J92: TECHNICAL SUPPORT | K92: 0 | M92: DONE | O92: Trinidad, Ja | P92: 44158 | Q92: =IF((P92-E92)>2,"NOT SUPPORTED WITHIN 2DAYS","SUPPORTED WITHIN 2DAYS") -> NOT SUPPORTED WITHIN 2DAYS | R92: NOT SUPPORTED WITHIN 2DAYS | S92: 4 | T92: GK01190015 | U92: =VLOOKUP(T92,personnel!A$1:B$4,2,FALSE) -> Trinidad, Jan Carlo Aquino | V92: 44154.491
A93: UEMI Dagupan - Suzuki | B93: OTHERS | C93: POSTED | D93: GK0120000667 | E93: 44154 | F93: M010 | G93: Asset transfer pocket wifi. | I93: SUPPORT ASSISTANCE(ACCESS, CALLS..) | J93: TECHNICAL SUPPORT | K93: 0 | M93: DONE | O93: Trinidad, Ja | P93: 44158 | Q93: =IF((P93-E93)>2,"NOT SUPPORTED WITHIN 2DAYS","SUPPORTED WITHIN 2DAYS") -> NOT SUPPORTED WITHIN 2DAYS | R93: NOT SUPPORTED WITHIN 2DAYS | S93: 4 | T93: GK01190015 | U93: =VLOOKUP(T93,personnel!A$1:B$4,2,FALSE) -> Trinidad, Jan Carlo Aquino | V93: 44154.587
A94: Guanzon Central Office | B94: OTHERS | C94: POSTED | D94: GK0120000668 | E94: 44154 | F94: GCO1 | G94: nag pa laminate ng ID kay Sir Jaime. | I94: SUPPORT ASSISTANCE(ACCESS, CALLS..) | J94: TECHNICAL SUPPORT | K94: 0 | M94: DONE | N94: M00103001137 | O94: Trinidad, Ja | P94: 44158 | Q94: =IF((P94-E94)>2,"NOT SUPPORTED WITHIN 2DAYS","SUPPORTED WITHIN 2DAYS") -> NOT SUPPORTED WITHIN 2DAYS | R94: NOT SUPPORTED WITHIN 2DAYS | S94: 4 | T94: GK01190015 | U94: =VLOOKUP(T94,personnel!A$1:B$4,2,FALSE) -> Trinidad, Jan Carlo Aquino | V94: 44154.678
A95: Monarch Hotel | B95: OTHERS | C95: POSTED | D95: GK0120000669 | E95: 44154 | F95: H002 | G95: Nag puntang Monarch para i abot yung ID kay Sir Wilson Ang. | I95: SUPPORT ASSISTANCE(ACCESS, CALLS..) | J95: TECHNICAL SUPPORT | K95: 0 | M95: DONE. | N95: M00103001137 | O95: Trinidad, Ja | P95: 44158 | Q95: =IF((P95-E95)>2,"NOT SUPPORTED WITHIN 2DAYS","SUPPORTED WITHIN 2DAYS") -> NOT SUPPORTED WITHIN 2DAYS | R95: NOT SUPPORTED WITHIN 2DAYS | S95: 4 | T95: GK01190015 | U95: =VLOOKUP(T95,personnel!A$1:B$4,2,FALSE) -> Trinidad, Jan Carlo Aquino | V95: 44154.678
A96: UEMI Mabalacat - Yamaha | B96: OTHERS | C96: POSTED | D96: GK0120000670 | E96: 44155 | F96: M060 | G96: CCTV review. | I96: SUPPORT ASSISTANCE(ACCESS, CALLS..) | J96: TECHNICAL SUPPORT | K96: 0 | M96: DONE | O96: Trinidad, Ja | P96: 44158 | Q96: =IF((P96-E96)>2,"NOT SUPPORTED WITHIN 2DAYS","SUPPORTED WITHIN 2DAYS") -> NOT SUPPORTED WITHIN 2DAYS | R96: NOT SUPPORTED WITHIN 2DAYS | S96: 4 | T96: GK01190015 | U96: =VLOOKUP(T96,personnel!A$1:B$4,2,FALSE) -> Trinidad, Jan Carlo Aquino | V96: 44155.374
A97: Guanzon Corporate Center | B97: REPAIRED | C97: OPEN | D97: GK0120000671 | E97: 44154 | F97: GCC1 | G97: to repair | H97: stockup | I97: REPAIR | J97: PRINTER | K97: 0 | M97: ok na.......... | O97: Cuison, Bern | P97: 44155 | Q97: =IF((P97-E97)>2,"NOT SUPPORTED WITHIN 2DAYS","SUPPORTED WITHIN 2DAYS") -> SUPPORTED WITHIN 2DAYS | R97: SUPPORTED WITHIN 2DAYS | S97: 0 | T97: GK01190010 | U97: =VLOOKUP(T97,personnel!A$1:B$4,2,FALSE) -> Cuison, Bernard Ramos | V97: 44155.388
A98: Guanzon Central Office | B98: OTHERS | C98: POSTED | D98: GK0120000672 | E98: 44155 | F98: GCO1 | G98: Create DOcument transfer of repaired laptop of Engr Amelito. | I98: SUPPORT ASSISTANCE(ACCESS, CALLS..) | J98: TECHNICAL SUPPORT | K98: 0 | M98: DONE | O98: Trinidad, Ja | P98: 44158 | Q98: =IF((P98-E98)>2,"NOT SUPPORTED WITHIN 2DAYS","SUPPORTED WITHIN 2DAYS") -> NOT SUPPORTED WITHIN 2DAYS | R98: NOT SUPPORTED WITHIN 2DAYS | S98: 4 | T98: GK01190015 | U98: =VLOOKUP(T98,personnel!A$1:B$4,2,FALSE) -> Trinidad, Jan Carlo Aquino | V98: 44155.408
A99: OPPO - Xentro Mall Vigan | B99: OTHERS | C99: POSTED | D99: GK0120000673 | E99: 44155 | F99: C067 | G99: Canvas new keyboard. hindi na daw po kasi nila magamit yung keyboard. | H99: 330 po yung keyboard na nacanvas. approved by mam She. | I99: SUPPORT ASSISTANCE(ACCESS, CALLS..) | J99: OTHER PERIPHERAL DEVICES | K99: 0 | M99: Done | O99: Trinidad, Ja | P99: 44155 | Q99: =IF((P99-E99)>2,"NOT SUPPORTED WITHIN 2DAYS","SUPPORTED WITHIN 2DAYS") -> SUPPORTED WITHIN 2DAYS | R99: SUPPORTED WITHIN 2DAYS | S99: 4 | T99: GK01190015 | U99: =VLOOKUP(T99,personnel!A$1:B$4,2,FALSE) -> Trinidad, Jan Carlo Aquino | V99: 44155.466
A100: Guanzon Central Office | B100: OTHERS | C100: POSTED | D100: GK0120000674 | E100: 44155 | F100: GCO1 | G100: Document transfer 4 DYI INK. for MIS dept. | I100: SUPPORT ASSISTANCE(ACCESS, CALLS..) | J100: TECHNICAL SUPPORT | K100: 0 | M100: DONE | O100: Trinidad, Ja | P100: 44158 | Q100: =IF((P100-E100)>2,"NOT SUPPORTED WITHIN 2DAYS","SUPPORTED WITHIN 2DAYS") -> NOT SUPPORTED WITHIN 2DAYS | R100: NOT SUPPORTED WITHIN 2DAYS | S100: 4 | T100: GK01190015 | U100: =VLOOKUP(T100,personnel!A$1:B$4,2,FALSE) -> Trinidad, Jan Carlo Aquino | V100: 44155.556
...

Sheet personnel
A1: M001170038 | B1: Macarling, Federico Jr Romano
A2: GK01190010 | B2: Cuison, Bernard Ramos
A3: M001190058 | B3: Velasquez, Jayson Alon
A4: GK01190015 | B4: Trinidad, Jan Carlo Aquino

Sheet CCTV
A1: sAreaDesc | B1: sBranchNm | C1: sAreaCode | D1: sBranchCd | E1: dDateInst | F1: sBrandNme | G1: nNoCamera | H1: sDVRPassw | I1: sWIFIName | J1: sWIFIPass | K1: sRemarksx | L1: sHIKStatx | M1: sCCTVStat | N1: dMonitorx | O1: sMonitorx | P1: sVerifyCd | Q1: sWthTAlrm | R1: sModified | S1: dModified | T1: STATUS
A2: Area 1 (MP) | B2: Huawei - SM Baguio | C2: 10 | D2: C079 | E2: 43704 | F2: hikvision | G2: 3 | H2: gtcAdmin19 | I2: qwerty | J2: qwerty | K2: NO VIDEO CAMERA 2.. 3 camera installed only | L2: ONLINE | M2: RECORDING | N2: 44159 | O2: Macarling, Federico | P2: 123456 | Q2: no | R2: M001170038 | S2: 44159.586 | T2: MONITORED
A3: Area 1 (MP) | B3: Huawei - SM Center Dagupan | C3: 10 | D3: C085 | E3: 44075 | F3: HIKVISION | G3: 4 | H3: ggcAdmin85 | I3: GUANZON_C085 | J3: huawei4826966477 | K3: GOOD | L3: ONLINE | M3: RECORDING | N3: 44159 | O3: Macarling, Federico | P3: 123456 | Q3: n/a | R3: M001170038 | S3: 44159.584 | T3: MONITORED
A4: Area 1 (MP) | B4: Mobitek City Mall | C4: 10 | D4: C002 | E4: 43731 | F4: hikvision | G4: 3 | H4: gtcAdmin02 | I4: qwerty | J4: 1234 | K4: good. 3camera only installed | L4: ONLINE | M4: RECORDING | N4: 44120 | O4: Macarling, Federico | P4: 123456 | Q4: - | R4: M001170038 | S4: 44120.453 | T4: NOT MONITORED
A5: Area 1 (MP) | B5: Mobitek JTC Tagudin | C5: 10 | D5: C047 | E5: 43704 | F5: DVR-DVS | G5: 3 | H5: gtcAdmin47 | I5: qwerty | J5: qwerty | K5: DVR DVS recorder/ platform not supported. FOR REPLACEMENT DVR | L5: OFFLINE | M5: FOR VISIT | N5: 44120 | O5: Macarling, Federico | P5: 123456 | Q5: - | R5: M001170038 | S5: 44120.453 | T5: NOT MONITORED
A6: Area 1 (MP) | B6: Mobitek Metroplaza | C6: 10 | D6: C049 | E6: 43731 | F6: hikvison | G6: 4 | H6: gtcAdmin49 | I6: qwerty | J6: qwerty | K6: camera 3 NO VIDEO | L6: OFFLINE | M6: FOR VISIT | N6: 44120 | O6: Macarling, Federico | P6: 123456 | Q6: - | R6: M001170038 | S6: 44120.454 | T6: NOT MONITORED
A7: Area 1 (MP) | B7: Mobitek Nepo Mall Dagupan | C7: 10 | D7: C008 | E7: 43731 | F7: hikvision | G7: 3 | H7: gtcAdmin08 | I7: qwerty | J7: 48205823646 | K7: offline to hikconnect | L7: OFFLINE | M7: FOR VISIT | N7: 44120 | O7: Macarling, Federico | P7: 123456 | Q7: - | R7: M001170038 | S7: 44120.672 | T7: NOT MONITORED
A8: Area 1 (MP) | B8: Mobitek Perez | C8: 10 | D8: C001 | E8: 43731 | F8: hikvision | G8: 4 | H8: gtcAdmin01 | I8: qwerty | J8: mobitekdagupanmain01 | K8: good | L8: ONLINE | M8: RECORDING | N8: 44120 | O8: Macarling, Federico | P8: 123456 | Q8: - | R8: M001170038 | S8: 44120.458 | T8: NOT MONITORED
A9: Area 1 (MP) | B9: Mobitek SM Center Dagupan | C9: 10 | D9: C084 | E9: 43466 | F9: HIKVISION | G9: 4 | H9: gtcAdmin84 | I9: GUANZON_C084 | J9: mobitek48208423646 | K9: GOOD | L9: ONLINE | M9: RECORDING | N9: 44159 | O9: Macarling, Federico | P9: 123456 | Q9: n/a | R9: M001170038 | S9: 44159.584 | T9: MONITORED
A10: Area 1 (MP) | B10: Mobitek Stern Mall Candon | C10: 10 | D10: C011 | E10: 43697 | F10: hikvision | G10: 3 | H10: gtcAdmin11 | I10: qwerty | J10: G48201123646G | K10: cam 1 and 4 video loss. For Visit | L10: OFFLINE | M10: FOR VISIT | N10: 44159 | O10: Macarling, Federico | P10: 123456 | Q10: 1 | R10: M001170038 | S10: 44159.585 | T10: MONITORED
A11: Area 1 (MP) | B11: Mobitek Vigan | C11: 10 | D11: C015 | E11: 43731 | F11: hikvision | G11: 3 | H11: gtcAdmin15 | I11: qwerty | J11: qwerty | K11: CAMERA 3 NO VIDEO. STOCK ROOM. FOR VISIT | L11: ONLINE | M11: FOR VISIT | N11: 44120 | O11: Macarling, Federico | P11: TTHOCH | Q11: - | R11: M001170038 | S11: 44120.459 | T11: NOT MONITORED
A12: Area 1 (MP) | B12: Mobitek Xentro Mall Vigan | C12: 10 | D12: C089 | E12: 32874 | F12: HIKVISION | G12: 4 | H12: gtcAdmin | I12: GUANZON_C89 | J12: 48208923646 | K12: offline to hikconnect | L12: OFFLINE | M12: RECORDING | N12: 44159 | O12: Macarling, Federico | P12: 123456 | Q12: n/a | R12: M001170038 | S12: 44159.583 | T12: MONITORED
A13: Area 1 (MP) | B13: OPPO - Xentro Mall Vigan | C13: 10 | D13: C067 | E13: 43731 | F13: hikvision | G13: 3 | H13: gtcAdmin67 | I13: qwerty | J13: 48206723646 | K13: Good and online | L13: ONLINE | M13: RECORDING | N13: 44120 | O13: Macarling, Federico | P13: 123456 | Q13: - | R13: M001170038 | S13: 44120.46 | T13: NOT MONITORED
A14: Area 1 (MP) | B14: Samsung - Nepo Mall Dagupan | C14: 10 | D14: C058 | E14: 43731 | F14: hikvision | G14: 3 | H14: gtcAdmin58 | I14: qwerty | J14: qwerty | K14: RETURNED DVR ORIGINAL - OK | L14: ONLINE | M14: RECORDING | N14: 44120 | O14: Macarling, Federico | P14: 123456 | Q14: - | R14: M001170038 | S14: 44120.46 | T14: NOT MONITORED
A15: Area 1 (MP) | B15: Samsung - SM Center Dagupan | C15: 10 | D15: C086 | E15: 43466 | F15: HIKVISION | G15: 3 | H15: gtcAdmin86 | I15: SAMSUNG_C086 | J15: samsung48208623646 | K15: CAM 1 AND CAM 2 - NO VIDEO - FOR VISIT | L15: OFFLINE | M15: FOR VISIT | N15: 44159 | O15: Macarling, Federico | P15: 123456 | Q15: NO | R15: M001170038 | S15: 44159.583 | T15: MONITORED
A16: Area 1 (MP) | B16: Samsung - Vigan | C16: 10 | D16: C040 | E16: 43663 | F16: hikvision | G16: 4 | H16: gtcAdmin40 | I16: qwerty | J16: 48204023646 | K16: need router to enable hik connect online | L16: OFFLINE | M16: FOR VISIT | N16: 44120 | O16: Macarling, Federico | P16: 123456 | Q16: - | R16: M001170038 | S16: 44120.462 | T16: NOT MONITORED
A17: Area 2 (MP) | B17: Huawei - Magic Mall 2 San Carlos | C17: 11 | D17: C080 | E17: 32874 | F17: HIKVISION | G17: 3 | H17: gtcAdmin80 | I17: qwerty | J17: 1234 | K17: good. 3 camera installed only | L17: ONLINE | M17: RECORDING | N17: 44120 | O17: Macarling, Federico | P17: 123456 | Q17: - | R17: M001170038 | S17: 44120.464 | T17: NOT MONITORED
A18: Area 2 (MP) | B18: Huawei - Robinson Calasiao | C18: 11 | D18: C078 | E18: 43466 | F18: Hikvision | G18: 4 | H18: gtcAdmin78 | I18: qwerty | J18: G48207823646 | K18: good and online | L18: ONLINE | M18: RECORDING | N18: 44120 | O18: Macarling, Federico | P18: 123456 | Q18: n/a | R18: M001170038 | S18: 44120.464 | T18: NOT MONITORED
A19: Area 2 (MP) | B19: Mobitek - Magic Urdaneta - Annex | C19: \N | D19: \N | E19: \N | F19: \N | G19: \N | H19: \N | I19: \N | J19: \N | K19: \N | L19: \N | M19: \N | N19: \N | O19: \N | P19: \N | Q19: \N | R19: \N | S19: \N | T19: NOT YET ADDED
A20: Area 2 (MP) | B20: Mobitek Magic Mall 2 San Carlos | C20: 11 | D20: C082 | E20: 43466 | F20: Hikvision | G20: 4 | H20: gtcAdmin82 | I20: qwerty | J20: 1234 | K20: good and online | L20: ONLINE | M20: RECORDING | N20: 44120 | O20: Macarling, Federico | P20: 123456 | Q20: n/a | R20: M001170038 | S20: 44120.465 | T20: NOT MONITORED
A21: Area 2 (MP) | B21: Mobitek Magic San Carlos | C21: 11 | D21: C004 | E21: 43731 | F21: hikvision | G21: 4 | H21: gtcAdmin04 | I21: qwerty | J21: qwerty | K21: PLDT problem no internet - kaya offline and DVR | L21: OFFLINE | M21: RECORDING | N21: 44120 | O21: Macarling, Federico | P21: 123456 | Q21: n/a | R21: M001170038 | S21: 44120.477 | T21: NOT MONITORED
A22: Area 2 (MP) | B22: Mobitek Magic Tayug | C22: 11 | D22: C027 | E22: 43466 | F22: Hikvision | G22: 3 | H22: ggcAdmin27 | I22: qwerty | J22: 1234 | K22: camera 3 - stock room. need to relocate. for visit asap | L22: ONLINE | M22: FOR VISIT | N22: 44120 | O22: Macarling, Federico | P22: 123456 | Q22: - | R22: M001170038 | S22: 44120.466 | T22: NOT MONITORED
A23: Area 2 (MP) | B23: Mobitek Magic Urdaneta | C23: 11 | D23: C006 | E23: 43711 | F23: hikvision | G23: 3 | H23: gtcAdmin06 | I23: qwerty | J23: 48200623646 | K23: Good and online | L23: ONLINE | M23: RECORDING | N23: 44120 | O23: Macarling, Federico | P23: SYMIZF | Q23: - | R23: M001170038 | S23: 44120.471 | T23: NOT MONITORED
A24: Area 2 (MP) | B24: Mobitek Robinson Calasiao | C24: 11 | D24: C035 | E24: 43466 | F24: DVR-DVS | G24: 4 | H24: gtcAdmin35 | I24: qwerty | J24: 1234 | K24: good and online | L24: ONLINE | M24: RECORDING | N24: 44120 | O24: Macarling, Federico | P24: 123456 | Q24: - | R24: M001170038 | S24: 44120.473 | T24: NOT MONITORED
A25: Area 2 (MP) | B25: Mobitek Royal Mall Bayambang | C25: 11 | D25: C029 | E25: 43466 | F25: Hikvision | G25: 3 | H25: gtcAdmin29 | I25: GUANZON_WIFI_C029 | J25: mobitek4820292019 | K25: dvr for replacement. can't add to hikconnect | L25: OFFLINE | M25: FOR VISIT | N25: 44120 | O25: Macarling, Federico | P25: ZRFFXP | Q25: - | R25: M001170038 | S25: 44120.475 | T25: NOT MONITORED
A26: Area 2 (MP) | B26: Mobitek San Carlos Town Center | C26: 11 | D26: C068 | E26: 43466 | F26: Hikvision | G26: 3 | H26: gtcAdmin68 | I26: qwerty | J26: G48206823646C068 | K26: good and online | L26: ONLINE | M26: GOOD | N26: 44120 | O26: Macarling, Federico | P26: 123456 | Q26: n/a | R26: M001170038 | S26: 44120.476 | T26: NOT MONITORED
A27: Area 2 (MP) | B27: Mobitek SM Rosales | C27: 11 | D27: C020 | E27: 43466 | F27: EXPOSE | G27: 3 | H27: ggcAdmin20 | I27: qwerty | J27: 1234 | K27: Good and online | L27: ONLINE | M27: RECORDING | N27: 44120 | O27: Macarling, Federico | P27: 123456 | Q27: n/a | R27: M001170038 | S27: 44120.476 | T27: NOT MONITORED
A28: Area 2 (MP) | B28: Oppo - Magic Urdaneta - Annex | C28: \N | D28: \N | E28: \N | F28: \N | G28: \N | H28: \N | I28: \N | J28: \N | K28: \N | L28: \N | M28: \N | N28: \N | O28: \N | P28: \N | Q28: \N | R28: \N | S28: \N | T28: NOT YET ADDED
A29: Area 2 (MP) | B29: OPPO - Robinsons Calasiao | C29: 11 | D29: C050 | E29: 43466 | F29: DVR-DVS | G29: 3 | H29: gtcAdmin50 | I29: qwerty | J29: 1234 | K29: camera 3 and camera 4 - NO VIDEO - FOR VISIT | L29: ONLINE | M29: FOR VISIT | N29: 44120 | O29: Macarling, Federico | P29: 123456 | Q29: - | R29: M001170038 | S29: 44120.467 | T29: NOT MONITORED
A30: Area 2 (MP) | B30: Oppo - SM Urdaneta | C30: 11 | D30: C071 | E30: 43466 | F30: Hikvision | G30: 3 | H30: G48223646071 | I30: GUANZON_OPPO_C071 | J30: oppo4820712020 | K30: Good and online | L30: ONLINE | M30: RECORDING | N30: 44120 | O30: Macarling, Federico | P30: 123456 | Q30: - | R30: M001170038 | S30: 44120.475 | T30: NOT MONITORED
A31: Area 2 (MP) | B31: RealMe - Magic Urdaneta - Annex | C31: \N | D31: \N | E31: \N | F31: \N | G31: \N | H31: \N | I31: \N | J31: \N | K31: \N | L31: \N | M31: \N | N31: \N | O31: \N | P31: \N | Q31: \N | R31: \N | S31: \N | T31: NOT YET ADDED
A32: Area 2 (MP) | B32: Samsung - Magic Mall 2 San Carlos | C32: 10 | D32: C081 | E32: 43466 | F32: Hikvision | G32: 4 | H32: gtcAdmin81 | I32: qwerty | J32: 1234 | K32: camera 4 - NO VIDEO - FOR VISIT | L32: ONLINE | M32: RECORDING | N32: 44120 | O32: Macarling, Federico | P32: 123456 | Q32: no | R32: M001170038 | S32: 44120.468 | T32: NOT MONITORED
A33: Area 2 (MP) | B33: Samsung - Magic Urdaneta - Annex | C33: \N | D33: \N | E33: \N | F33: \N | G33: \N | H33: \N | I33: \N | J33: \N | K33: \N | L33: \N | M33: \N | N33: \N | O33: \N | P33: \N | Q33: \N | R33: \N | S33: \N | T33: NOT YET ADDED
A34: Area 2 (MP) | B34: Samsung - Robinson Calasiao | C34: 11 | D34: C036 | E34: 43466 | F34: Hikvision | G34: 4 | H34: G4822364636 | I34: qwerty | J34: 1234 | K34: camera 3 and 4.. for relocation. need to adjuts position. FIX BLIND SPOT | L34: ONLINE | M34: FOR VISIT | N34: 44120 | O34: Macarling, Federico | P34: 123456 | Q34: - | R34: M001170038 | S34: 44120.473 | T34: NOT MONITORED
A35: Area 2 (MP) | B35: Samsung - SM Rosales | C35: 11 | D35: C043 | E35: 43466 | F35: QSEE | G35: 4 | H35: gtcAdmin43 | I35: qwerty | J35: 1234 | K35: Good and online | L35: ONLINE | M35: RECORDING | N35: 44120 | O35: Macarling, Federico | P35: 123456 | Q35: n/a | R35: M001170038 | S35: 44120.474 | T35: NOT MONITORED
A36: Area 2 (MP) | B36: Samsung - SM Urdaneta | C36: 11 | D36: C070 | E36: 43466 | F36: Hikvision | G36: 4 | H36: G48223646070 | I36: qwerty | J36: samsung48207023646 | K36: good and online | L36: ONLINE | M36: RECORDING | N36: 44120 | O36: Macarling, Federico | P36: 123456 | Q36: - | R36: M001170038 | S36: 44120.474 | T36: NOT MONITORED
A37: Area 2 (MP) | B37: Vivo - SM Urdaneta | C37: 11 | D37: C072 | E37: 43466 | F37: Hikvision | G37: 3 | H37: G48223646072 | I37: qwrtty | J37: 1234 | K37: good. 3camera installed already | L37: ONLINE | M37: RECORDING | N37: 44120 | O37: Macarling, Federico | P37: 123456 | Q37: - | R37: M001170038 | S37: 44131.57 | T37: NOT MONITORED
A38: Area 3 (MP) | B38: Huawei - Iba Town Center | C38: 12 | D38: C083 | E38: 43731 | F38: hikvision | G38: 4 | H38: gtcAdmin83 | I38: PLDTMyDSLBizGUANZON_HUAWEI | J38: G48208323646 | K38: cam 1 and cashier area need to adjust. pldt problem no internet due to unpaid bills | L38: OFFLINE | M38: FOR VISIT | N38: 44120 | O38: Macarling, Federico | P38: 123456 | Q38: n/a | R38: M001170038 | S38: 44120.496 | T38: NOT MONITORED
A39: Area 3 (MP) | B39: Mobitek City Mall Dau | C39: 12 | D39: C064 | E39: 43749 | F39: hikvision | G39: 4 | H39: gtcAdmin64 | I39: qwerty | J39: qwerty | K39: Good and online | L39: ONLINE | M39: RECORDING | N39: 44120 | O39: Macarling, Federico | P39: 123456 | Q39: N/A | R39: M001170038 | S39: 44120.485 | T39: NOT MONITORED
A40: Area 3 (MP) | B40: Mobitek Iba Town Center | C40: 12 | D40: C042 | E40: 43466 | F40: Hikvision | G40: 4 | H40: gtcAdmin42 | I40: qwerty | J40: G48204223646 | K40: offline due to unpaid bills @ PLDT | L40: OFFLINE | M40: RECORDING | N40: 44120 | O40: Macarling, Federico | P40: 123456 | Q40: - | R40: M001170038 | S40: 44120.497 | T40: NOT MONITORED
A41: Area 3 (MP) | B41: Mobitek Lingayen | C41: 12 | D41: C033 | E41: 43466 | F41: Hikvision | G41: 4 | H41: gtcAdmin33 | I41: qwerty | J41: mobitekG48203323646 | K41: good and online | L41: ONLINE | M41: RECORDING | N41: 44120 | O41: Macarling, Federico | P41: 123456 | Q41: no | R41: M001170038 | S41: 44120.491 | T41: NOT MONITORED
A42: Area 3 (MP) | B42: Mobitek Magic Mangatarem | C42: 12 | D42: C038 | E42: 43466 | F42: Hikvision | G42: 4 | H42: gtcAdmin38 | I42: qwerty | J42: 1234 | K42: ALL CAMERA VIDEO LOSS. CAN'T ONLINE DVR TO HIKCONNECT | L42: OFFLINE | M42: FOR VISIT | N42: 44120 | O42: Macarling, Federico | P42: 123456 | Q42: . | R42: M001170038 | S42: 44120.496 | T42: NOT MONITORED
A43: Area 3 (MP) | B43: Mobitek Magic Sta. Cruz | C43: 12 | D43: C034 | E43: 43466 | F43: Hikvision | G43: 3 | H43: gtcAdmin34 | I43: qwerty | J43: 4823423646190 | K43: good and online | L43: ONLINE | M43: RECORDING | N43: 44120 | O43: Macarling, Federico | P43: 123456 | Q43: n/a | R43: M001170038 | S43: 44120.492 | T43: NOT MONITORED
A44: Area 3 (MP) | B44: Mobitek Nepo Mart Alaminos | C44: 12 | D44: C005 | E44: 43466 | F44: DVR-DVS | G44: 4 | H44: gtcAdmin05 | I44: qwerty | J44: 1234 | K44: Good and online..visited by bernard.. old dvr replaced already | L44: ONLINE | M44: RECORDING | N44: 44120 | O44: Macarling, Federico | P44: 123456 | Q44: n/a | R44: M001170038 | S44: 44120.496 | T44: NOT MONITORED
A45: Area 3 (MP) | B45: Mobitek SM Olongapo | C45: 12 | D45: C059 | E45: 43466 | F45: Hikvision | G45: 4 | H45: gtcAdmin59 | I45: qwerty | J45: 1234 | K45: Good and online | L45: ONLINE | M45: RECORDING | N45: 44120 | O45: Macarling, Federico | P45: 123456 | Q45: - | R45: M001170038 | S45: 44120.49 | T45: NOT MONITORED
A46: Area 3 (MP) | B46: Mobitek Vistamall Balanga | C46: 12 | D46: C063 | E46: 43466 | F46: Hikvision | G46: 4 | H46: gtcAdmin63 | I46: qwerty | J46: 1234 | K46: camera 3. need to adjust stock room camera-fix blind spot | L46: ONLINE | M46: FOR VISIT | N46: 44120 | O46: Macarling, Federico | P46: 123456 | Q46: n/a | R46: M001170038 | S46: 44120.495 | T46: NOT MONITORED
A47: Area 3 (MP) | B47: OPPO - City Mall Dau | C47: 12 | D47: C065 | E47: 43731 | F47: hikvision | G47: 4 | H47: gtcAdmin65 | I47: OPPO_MOBITEK_WIFI | J47: oppo4820652019 | K47: camera 4 no video and camera at stock room need to adjust | L47: ONLINE | M47: FOR VISIT | N47: 44120 | O47: Macarling, Federico | P47: 123456 | Q47: n/a | R47: M001170038 | S47: 44120.49 | T47: NOT MONITORED
A48: Area 3 (MP) | B48: Samsung - SM Telabastagan | C48: 12 | D48: C073 | E48: 43731 | F48: hikvision | G48: 4 | H48: gtcAdmin73 | I48: qwerty | J48: qwert | K48: good and online | L48: ONLINE | M48: RECORDING | N48: 44120 | O48: Macarling, Federico | P48: 123456 | Q48: - | R48: M001170038 | S48: 44120.489 | T48: NOT MONITORED
A49: Area 3 (MP) | B49: Vivo - Magic Mangatarem | C49: 12 | D49: C051 | E49: 43466 | F49: Hikvision | G49: 3 | H49: G48223646051 | I49: qwerty | J49: 1234 | K49: offline to hikconnect. | L49: OFFLINE | M49: FOR VISIT | N49: 44120 | O49: Macarling, Federico | P49: 123456 | Q49: n/a | R49: M001170038 | S49: 44120.496 | T49: NOT MONITORED
A50: Area 4 (MP) | B50: Huawei - Robinsons Santiago | C50: 16 | D50: C048 | E50: 43729 | F50: hikvision | G50: 3 | H50: gtcadmin48 | I50: qwerty | J50: qwerty | K50: OFFLINE TO HIKCONNECT | L50: OFFLINE | M50: FOR VISIT | N50: 44120 | O50: Macarling, Federico | P50: 123456 | Q50: N/A | R50: M001170038 | S50: 44120.498 | T50: NOT MONITORED
A51: Area 4 (MP) | B51: Huawei - SM Tarlac | C51: 16 | D51: C039 | E51: 43729 | F51: expose | G51: 4 | H51: gtcAdmin39 | I51: qwerrty | J51: qwerty | K51: for replacement dvr.. NOT YET ADDED TO HIKCONNECT | L51: OFFLINE | M51: FOR REPLACEMENT | N51: 44120 | O51: Macarling, Federico | P51: 123456 | Q51: N/ | R51: M001170038 | S51: 44120.673 | T51: NOT MONITORED
A52: Area 4 (MP) | B52: HUAWEI - Waltermart Gapan | C52: 16 | D52: C087 | E52: 43831 | F52: HIKVISION | G52: 4 | H52: gtcAdmin87 | I52: GUANZON_C087 | J52: huawei4826966477 | K52: GOOD. CAMERA AT STOCK ROOM FOR RELOCATION ONLY | L52: ONLINE | M52: FOR VISIT | N52: 44120 | O52: Macarling, Federico | P52: 123456 | Q52: n/a | R52: M001170038 | S52: 44120.549 | T52: NOT MONITORED
A53: Area 4 (MP) | B53: Mobitek - SM Megacenter Cabanatuan | C53: 16 | D53: C092 | E53: 43831 | F53: HIKVISION | G53: 4 | H53: gtcAdmin92 | I53: GUANZON_C092 | J53: mobitek4826966477 | K53: NO ISP Yet | L53: OFFLINE | M53: NO ISP | N53: 44120 | O53: Macarling, Federico | P53: 123456 | Q53: N/a | R53: M001170038 | S53: 44120.673 | T53: NOT MONITORED
A54: Area 4 (MP) | B54: Mobitek Magic San Jose NE | C54: 16 | D54: C062 | E54: 43729 | F54: hikvision | G54: 4 | H54: gtcAdmin62 | I54: qwerty | J54: qwerty | K54: offline to hikconnect | L54: OFFLINE | M54: FOR VISIT | N54: 44120 | O54: Macarling, Federico | P54: 123456 | Q54: n/a | R54: M001170038 | S54: 44120.553 | T54: NOT MONITORED
A55: Area 4 (MP) | B55: Mobitek NE Pacific Mall | C55: 16 | D55: C012 | E55: 43729 | F55: dvs-dvr | G55: 4 | H55: CLOSED | I55: CLOSED | J55: CLOSED | K55: CLOSED BRANCH | L55: OFFLINE | M55: FOR VISIT | N55: 44086 | O55: Macarling, Federico | P55: 123456 | Q55: n/a | R55: M001170038 | S55: 44086.64 | T55: NOT MONITORED
A56: Area 4 (MP) | B56: Mobitek Robinsons Santiago | C56: 16 | D56: C041 | E56: 43729 | F56: hikvision | G56: 3 | H56: gtcAdmin41 | I56: qwerty | J56: 48204123646 | K56: offfline to hikconnect..CAMERA 1 NO VIDEO. NEED TO ADJUST CAMERA AT STOCK ROOM | L56: OFFLINE | M56: FOR VISIT | N56: 44120 | O56: Macarling, Federico | P56: 123456 | Q56: N/A | R56: M001170038 | S56: 44120.674 | T56: NOT MONITORED
A57: Area 4 (MP) | B57: Mobitek Robinsons Tuguegarao | C57: 16 | D57: C074 | E57: 43729 | F57: hikvision | G57: 3 | H57: gtcAdmin74 | I57: qwerty | J57: qwertty | K57: ALL CAMERA NO VIDEO. FOR VISIT ASAP | L57: ONLINE | M57: FOR VISIT | N57: 44120 | O57: Macarling, Federico | P57: 123456 | Q57: n/a | R57: M001170038 | S57: 44120.5 | T57: NOT MONITORED
A58: Area 4 (MP) | B58: Mobitek SM Cabanatuan | C58: 16 | D58: C055 | E58: 43729 | F58: hikvision | G58: 4 | H58: gtcAdmin55 | I58: qwerty | J58: qwerty | K58: DVR REPLACEMENT = OK,, OLD DVR PLS BACKLOAD | L58: ONLINE | M58: RECORDING | N58: 44121 | O58: Macarling, Federico | P58: 123456 | Q58: n/a | R58: M001170038 | S58: 44121.54 | T58: NOT MONITORED
A59: Area 4 (MP) | B59: Mobitek SM Cauayan | C59: 16 | D59: C044 | E59: 43729 | F59: hikvision | G59: 4 | H59: gtcadmin44 | I59: qwerty | J59: 4824423646 | K59: good and online | L59: ONLINE | M59: GOOD | N59: 44120 | O59: Macarling, Federico | P59: 123456 | Q59: NO | R59: M001170038 | S59: 44120.5 | T59: NOT MONITORED
A60: Area 4 (MP) | B60: Mobitek SM Tarlac | C60: 16 | D60: C024 | E60: 43750 | F60: hikvision | G60: 3 | H60: gtcAdmin24 | I60: qwerty | J60: 4822423646019 | K60: Good | L60: ONLINE | M60: RECORDING | N60: 44120 | O60: Macarling, Federico | P60: 123456 | Q60: no | R60: M001170038 | S60: 44120.675 | T60: NOT MONITORED
A61: Area 4 (MP) | B61: Mobitek SM Tuguegarao | C61: 16 | D61: C066 | E61: 43729 | F61: hikvision | G61: 3 | H61: gtcAdmin66 | I61: qwerty | J61: qwerty | K61: OFFLINE TO HIKCONNECT | L61: OFFLINE | M61: FOR VISIT | N61: 44120 | O61: Macarling, Federico | P61: 123456 | Q61: N/A | R61: M001170038 | S61: 44120.675 | T61: NOT MONITORED
A62: Area 4 (MP) | B62: Mobitek Waltermart Gapan | C62: 16 | D62: C032 | E62: 43729 | F62: hikvision | G62: 3 | H62: gtcAdmin32 | I62: qwerty | J62: qwerty | K62: OFFLINE TO HIKCONNECT | L62: OFFLINE | M62: FOR VISIT | N62: 44120 | O62: Macarling, Federico | P62: 123456 | Q62: NO | R62: M001170038 | S62: 44120.675 | T62: NOT MONITORED
A63: Area 4 (MP) | B63: Mobitek Waltermart San Jose NE | C63: 16 | D63: C069 | E63: 43729 | F63: hikvision | G63: 3 | H63: gtcAdmin69 | I63: qwerty | J63: qwerty | K63: CAM 2,3 AND 4 NO VIDEO. FOR VISIT ASAP | L63: ONLINE | M63: FOR VISIT | N63: 44120 | O63: Macarling, Federico | P63: 123456 | Q63: NO | R63: M001170038 | S63: 44120.552 | T63: NOT MONITORED
A64: Area 4 (MP) | B64: Oppo - Robinsons Tuguegarao | C64: 16 | D64: C076 | E64: 43532 | F64: hikvison | G64: 3 | H64: gtcadmin76 | I64: qwerty | J64: qwerty | K64: NOT YET ADDED TO HIKCONNECT | L64: OFFLINE | M64: FOR VISIT | N64: 44120 | O64: Macarling, Federico | P64: 123456 | Q64: n/a | R64: M001170038 | S64: 44120.676 | T64: NOT MONITORED
A65: Area 4 (MP) | B65: OPPO - Waltermart Gapan | C65: 16 | D65: C054 | E65: 43729 | F65: generic | G65: 4 | H65: gtcadmin54 | I65: qwerty | J65: qwerty | K65: NOT YET ADDED TO HIKCONNECT. FOR VISIT. for replacement DVR | L65: OFFLINE | M65: FOR VISIT | N65: 44120 | O65: Macarling, Federico | P65: 12345 | Q65: - | R65: M001170038 | S65: 44120.676 | T65: NOT MONITORED
A66: Area 4 (MP) | B66: Realme - SM Megacenter Cabanatuan | C66: 16 | D66: C091 | E66: 44075 | F66: HIKVISION | G66: 4 | H66: gtcAdmin91 | I66: GUANZON_C091 | J66: realme4826966477 | K66: For Installation | L66: OFFLINE | M66: NO ISP | N66: 44120 | O66: Macarling, Federico | P66: 123456 | Q66: n/A | R66: M001170038 | S66: 44120.554 | T66: NOT MONITORED
A67: Area 4 (MP) | B67: Samsung - Robinsons Tuguegarao | C67: 16 | D67: C075 | E67: 43532 | F67: hikvision | G67: 4 | H67: gtcAdmin75 | I67: qwerty | J67: qwerty | K67: offline dvr to hikconnect and thru lan.. NOT YET ADD TO HIKCONNECT | L67: OFFLINE | M67: FOR VISIT | N67: 44120 | O67: Macarling, Federico | P67: 123456 | Q67: n/a | R67: M001170038 | S67: 44120.554 | T67: NOT MONITORED
A68: Area 4 (MP) | B68: Samsung - SM Cabanatuan | C68: 16 | D68: C056 | E68: 43729 | F68: hikvision | G68: 4 | H68: gtcAdmin56 | I68: qwerty | J68: qwerty | K68: hdd not recording/beeping cctv recorder. DVR and CCTV POwer supply - for replacement | L68: OFFLINE | M68: FOR VISIT | N68: 44120 | O68: Macarling, Federico | P68: 123456 | Q68: NO | R68: M001170038 | S68: 44120.553 | T68: NOT MONITORED
A69: Area 4 (MP) | B69: Samsung - SM Tarlac | C69: 16 | D69: C025 | E69: 43729 | F69: dvs-dvr | G69: 3 | H69: gtcAdmin25 | I69: qwerty | J69: qwerty | K69: good/online | L69: ONLINE | M69: RECORDING | N69: 44120 | O69: Macarling, Federico | P69: 123456 | Q69: N/A | R69: M001170038 | S69: 44120.551 | T69: NOT MONITORED
A70: Area 4 (MP) | B70: Vivo - SM Cabanatuan | C70: 16 | D70: C057 | E70: 43729 | F70: hikvision | G70: 4 | H70: gtcAdmin57 | I70: qwerty | J70: qwerty | K70: camera 1 and camera 3 - no video. REWIRINGS AND REPLACE CCTV POWER SUPPLY. FOR VISIT | L70: ONLINE | M70: FOR VISIT | N70: 44120 | O70: Macarling, Federico | P70: 123456 | Q70: N/A | R70: M001170038 | S70: 44120.499 | T70: NOT MONITORED
A71: AREA 5 (MP) | B71: Huawei - Xentro Mall Antipolo | C71: 20 | D71: C077 | E71: 43729 | F71: hikvision | G71: 4 | H71: gtcAdmin77 | I71: qwerty | J71: qwerty | K71: OFFLINE. FOR VISIT | L71: OFFLINE | M71: FOR VISIT | N71: 44123 | O71: Macarling, Federico | P71: 123456 | Q71: n/a | R71: M001170038 | S71: 44123.473 | T71: NOT MONITORED
A72: AREA 5 (MP) | B72: Mobitek Robinsons Antipolo | C72: 20 | D72: C045 | E72: 43729 | F72: hikvision | G72: 4 | H72: gtcAdmin45 | I72: qwert | J72: qwerty | K72: offline. for visit | L72: OFFLINE | M72: FOR VISIT | N72: 44123 | O72: Macarling, Federico | P72: 123456 | Q72: n/a | R72: M001170038 | S72: 44123.473 | T72: NOT MONITORED
A73: AREA 5 (MP) | B73: Mobitek Robinsons Galleria | C73: 20 | D73: C031 | E73: 43729 | F73: hikvision | G73: 3 | H73: gtcAdmin31 | I73: qwerty | J73: qwerty | K73: good/online | L73: ONLINE | M73: RECORDING | N73: 44123 | O73: Macarling, Federico | P73: 123456 | Q73: n/a | R73: M001170038 | S73: 44123.474 | T73: NOT MONITORED
A74: AREA 5 (MP) | B74: Mobitek SM Baliuag | C74: 20 | D74: C021 | E74: 43729 | F74: hikvision | G74: 4 | H74: gtcAdmin21 | I74: qwerty | J74: 4822123646 | K74: old dvr for replace | L74: OFFLINE | M74: FOR VISIT | N74: 44123 | O74: Macarling, Federico | P74: 123456 | Q74: n/a | R74: M001170038 | S74: 44123.478 | T74: NOT MONITORED
A75: AREA 5 (MP) | B75: Mobitek SM Fairview | C75: 20 | D75: C028 | E75: 43729 | F75: hikvision | G75: 3 | H75: gtcAdmin28 | I75: qwerty | J75: qwerty | K75: Good | L75: ONLINE | M75: RECORDING | N75: 44123 | O75: Macarling, Federico | P75: 123456 | Q75: n/a | R75: M001170038 | S75: 44123.477 | T75: NOT MONITORED
A76: AREA 5 (MP) | B76: Mobitek SM Marilao | C76: 20 | D76: C018 | E76: 43729 | F76: hikvision | G76: 4 | H76: gtcAdmin18 | I76: qwerty | J76: 4821823646 | K76: OFFLINE. FOR VISIT | L76: OFFLINE | M76: FOR VISIT | N76: 44123 | O76: Macarling, Federico | P76: 123456 | Q76: n/a | R76: M001170038 | S76: 44123.478 | T76: NOT MONITORED
A77: AREA 5 (MP) | B77: Mobitek SM Novaliches | C77: \N | D77: \N | E77: \N | F77: \N | G77: \N | H77: \N | I77: \N | J77: \N | K77: \N | L77: \N | M77: \N | N77: \N | O77: \N | P77: \N | Q77: \N | R77: \N | S77: \N | T77: NOT YET ADDED
A78: AREA 5 (MP) | B78: Mobitek SM San Jose Del Monte | C78: 20 | D78: C060 | E78: 43729 | F78: hikvision | G78: 3 | H78: gtcAdmin60 | I78: qwerty | J78: qwerty | K78: NO VIDEO ALL CAMERA. PROBLEM: CCTV POWER SUPPLY | L78: ONLINE | M78: FOR VISIT | N78: 44123 | O78: Macarling, Federico | P78: 123456 | Q78: n/a | R78: M001170038 | S78: 44123.479 | T78: NOT MONITORED
A79: AREA 5 (MP) | B79: Mobitek SM San Mateo | C79: 20 | D79: C053 | E79: 43729 | F79: hikvision | G79: 3 | H79: gtcAdmin53 | I79: qwerty | J79: 4825323646 | K79: good/online to hikconnect | L79: ONLINE | M79: RECORDING | N79: 44123 | O79: Macarling, Federico | P79: 123456 | Q79: n/a | R79: M001170038 | S79: 44123.481 | T79: NOT MONITORED
A80: AREA 5 (MP) | B80: Mobitek SM Valenzuela | C80: 20 | D80: C016 | E80: 43615 | F80: dvr-dvs | G80: 4 | H80: gtcAdmin16 | I80: qwerty | J80: qwerty | K80: need to replace dvr. can't add to hikconnect. for visit | L80: OFFLINE | M80: FOR VISIT | N80: 44123 | O80: Macarling, Federico | P80: 123456 | Q80: N/A | R80: M001170038 | S80: 44123.481 | T80: NOT MONITORED
A81: AREA 5 (MP) | B81: Mobitek StarMall Bulacan | C81: 20 | D81: C037 | E81: 43729 | F81: hikvision | G81: 4 | H81: gtcAdmin37 | I81: qwerty | J81: 48203723646019 | K81: CAMERA 2, 3, AND 4 NO VIDEO.FOR VISIT ASAP | L81: ONLINE | M81: FOR VISIT | N81: 44123 | O81: Macarling, Federico | P81: 123456 | Q81: n/a | R81: M001170038 | S81: 44123.481 | T81: NOT MONITORED
A82: AREA 5 (MP) | B82: Oppo - Metroplaza Caloocan | C82: 20 | D82: C090 | E82: 44075 | F82: HIKVISION | G82: 4 | H82: gtcAdmin90 | I82: GUANZON_C090 | J82: oppo4826966477 | K82: not yet added to hikconnect | L82: OFFLINE | M82: FOR VISIT | N82: 44123 | O82: Macarling, Federico | P82: 123456 | Q82: n/a | R82: M001170038 | S82: 44123.482 | T82: NOT MONITORED
A83: AREA 5 (MP) | B83: OPPO - SM San Mateo | C83: 20 | D83: C052 | E83: 43729 | F83: hikvision | G83: 4 | H83: gtcAdmin52 | I83: qwerty | J83: qwerty | K83: OFFLINE. FOR VISIT | L83: OFFLINE | M83: FOR VISIT | N83: 44123 | O83: Macarling, Federico | P83: 123456 | Q83: n/a | R83: M001170038 | S83: 44123.483 | T83: NOT MONITORED
A84: AREA 5 (MP) | B84: Samsung - Robinsons Antipolo | C84: 20 | D84: C046 | E84: 43729 | F84: hikvision | G84: 4 | H84: gtcadmin46 | I84: qwerty | J84: qwerty | K84: blur in cam 3 and no video cam4. for visit | L84: OFFLINE | M84: FOR VISIT | N84: 44123 | O84: Macarling, Federico | P84: 123456 | Q84: n/a | R84: M001170038 | S84: 44123.483 | T84: NOT MONITORED
A85: AREA 5 (MP) | B85: Samsung - SM San Jose Del Monte | C85: 20 | D85: C061 | E85: 43729 | F85: hikvision | G85: 4 | H85: gtcAdmin61 | I85: qwerty | J85: 192.168.1.100:1945 | K85: ALL CAMERA NO VIDEO. FOR VISIT ASAP | L85: ONLINE | M85: FOR VISIT | N85: 44123 | O85: Macarling, Federico | P85: 123456 | Q85: n/a | R85: M001170038 | S85: 44123.484 | T85: NOT MONITORED
A86: Main 1 (MP) | B86: GCO - MP AfterSales WH | C86: \N | D86: \N | E86: \N | F86: \N | G86: \N | H86: \N | I86: \N | J86: \N | K86: \N | L86: \N | M86: \N | N86: \N | O86: \N | P86: \N | Q86: \N | R86: \N | S86: \N | T86: NOT YET ADDED
A87: Main 1 (MP) | B87: GCO - MP Old Accessories WH | C87: \N | D87: \N | E87: \N | F87: \N | G87: \N | H87: \N | I87: \N | J87: \N | K87: \N | L87: \N | M87: \N | N87: \N | O87: \N | P87: \N | Q87: \N | R87: \N | S87: \N | T87: NOT YET ADDED
A88: Main 1 (MP) | B88: GCO - MP Warehouse | C88: \N | D88: \N | E88: \N | F88: \N | G88: \N | H88: \N | I88: \N | J88: \N | K88: \N | L88: \N | M88: \N | N88: \N | O88: \N | P88: \N | Q88: \N | R88: \N | S88: \N | T88: NOT YET ADDED
A89: Main 1 (MP) | B89: GMO - MP AfterSales WH | C89: \N | D89: \N | E89: \N | F89: \N | G89: \N | H89: \N | I89: \N | J89: \N | K89: \N | L89: \N | M89: \N | N89: \N | O89: \N | P89: \N | Q89: \N | R89: \N | S89: \N | T89: NOT YET ADDED
A90: Main 1 (MP) | B90: GMO - MP Warehouse | C90: \N | D90: \N | E90: \N | F90: \N | G90: \N | H90: \N | I90: \N | J90: \N | K90: \N | L90: \N | M90: \N | N90: \N | O90: \N | P90: \N | Q90: \N | R90: \N | S90: \N | T90: NOT YET ADDED
A91: Main 1 (MP) | B91: Guanzon Executive | C91: \N | D91: \N | E91: \N | F91: \N | G91: \N | H91: \N | I91: \N | J91: \N | K91: \N | L91: \N | M91: \N | N91: \N | O91: \N | P91: \N | Q91: \N | R91: \N | S91: \N | T91: NOT YET ADDED
A92: Main 1 (MP) | B92: Lazada Philippines | C92: \N | D92: \N | E92: \N | F92: \N | G92: \N | H92: \N | I92: \N | J92: \N | K92: \N | L92: \N | M92: \N | N92: \N | O92: \N | P92: \N | Q92: \N | R92: \N | S92: \N | T92: NOT YET ADDED
A93: Main Office | B93: 2h - Production | C93: \N | D93: \N | E93: \N | F93: \N | G93: \N | H93: \N | I93: \N | J93: \N | K93: \N | L93: \N | M93: \N | N93: \N | O93: \N | P93: \N | Q93: \N | R93: \N | S93: \N | T93: NOT YET ADDED
A94: Main Office | B94: Guan Kai Office | C94: 24 | D94: GK01 | E94: 32874 | F94: HIKVISION | G94: 8 | H94: G44223646123 | I94: GK WIFI GUESTS | J94: voucher password | K94: GOOD. ONLINE | L94: ONLINE | M94: RECORDING | N94: 44130 | O94: Macarling, Federico | P94: 123456 | Q94: no | R94: M001170038 | S94: 44130.419 | T94: NOT MONITORED
A95: Main Office | B95: Guanzon Central Office | C95: \N | D95: \N | E95: \N | F95: \N | G95: \N | H95: \N | I95: \N | J95: \N | K95: \N | L95: \N | M95: \N | N95: \N | O95: \N | P95: \N | Q95: \N | R95: \N | S95: \N | T95: NOT YET ADDED
A96: Main Office | B96: Guanzon Manila Office | C96: 24 | D96: GMO1 | E96: 43466 | F96: Hikvision | G96: 36 | H96: 48269661945029 | I96: GMO Wifi | J96: GMO48269661945 | K96: good/online to hikconnect | L96: ONLINE | M96: RECORDING | N96: 44130 | O96: Macarling, Federico | P96: 123456 | Q96: - | R96: M001170038 | S96: 44130.419 | T96: NOT MONITORED
A97: NCR | B97: GMC E.Rodriguez - Honda | C97: 9 | D97: M073 | E97: 43101 | F97: Hikvission | G97: 4 | H97: ggcAdmin73 | I97: qrty | J97: 1234 | K97: good and online, ISP: Globe | L97: ONLINE | M97: RECORDING | N97: 44130 | O97: Macarling, Federico | P97: 123456 | Q97: yes | R97: M001170038 | S97: 44130.625 | T97: NOT MONITORED
A98: NCR | B98: MCC Caloocan - Honda | C98: 9 | D98: M103 | E98: 43101 | F98: Hikvission | G98: 4 | H98: ggcAdmin103 | I98: qwerty | J98: 1234 | K98: CAMERA 6 NO VIDEO @ Service Area | L98: ONLINE | M98: FOR VISIT | N98: 44130 | O98: Macarling, Federico | P98: 123456 | Q98: yes | R98: M001170038 | S98: 44130.623 | T98: NOT MONITORED
A99: NCR | B99: MCC Marilao - Honda | C99: 9 | D99: M027 | E99: 43101 | F99: Hikvission | G99: 4 | H99: ggcAdmin27 | I99: qwrty | J99: 1234 | K99: not yet added to hikconnect | L99: OFFLINE | M99: FOR VISIT | N99: 44130 | O99: Macarling, Federico | P99: 123456 | Q99: yes | R99: M001170038 | S99: 44130.625 | T99: NOT MONITORED
A100: NCR | B100: MCC Roosevelt FRISCO - Honda | C100: 9 | D100: M138 | E100: 43101 | F100: Hikvission | G100: 4 | H100: ggcAdmin138 | I100: MCC_GUANZON_M138 | J100: 442013823646 | K100: good/online | L100: ONLINE | M100: RECORDING | N100: 44130 | O100: Macarling, Federico | P100: 123456 | Q100: Yes | R100: M001170038 | S100: 44130.625 | T100: NOT MONITORED
...
